region,district_261,class,lat,lon,total_pop,female_15_64,female_15_64_share,illiteracy_rate,uninsured_rate,poverty_incidence,poverty_intensity,unemployment_rate,geojson_district,match_method
Ahafo,Asunafo North Municipal,Municipal,6.81509969999999,-2.67736640122449,151258.0,44897.0,29.682396964127516,26.321913551679913,14.236602361527986,26.1,42.0,46.8240312393748,ASUNAFO NORTH MUNICIPAL,exact_normalized
Ahafo,Asunafo South,District,6.56280465,-2.53279356335542,91693.0,26493.0,28.893154330210596,28.893154330210596,47.49544676256639,26.2,42.7,43.51486860304288,ASUNAFO SOUTH,exact_normalized
Ahafo,Asutifi North,District,7.07651835,-2.52531850396715,73556.0,21584.0,29.343629343629345,25.55060090271358,17.297025395616945,26.6,43.1,48.59398021469164,ASUTIFI NORTH,exact_normalized
Ahafo,Asutifi South,District,6.84924284999999,-2.46125343688365,67334.0,19574.0,29.070009207829624,29.25862120177028,21.67255769744854,23.2,42.4,49.120656325144985,ASUTIFI SOUTH,exact_normalized
Ahafo,Tano North Municipal,Municipal,7.19329065,-2.2080833699397,93838.0,28903.0,30.800954837059614,23.449988277670027,14.104094290159637,21.6,42.3,48.49527366851788,TANO NORTH MUNICIPAL,exact_normalized
Ahafo,Tano South Municipal,Municipal,7.16093674999999,-1.99681708617696,86989.0,26294.0,30.226810286358045,27.90582717355068,20.452011173826577,23.7,42.6,47.41604409951403,TANO SOUTH MUNICIPAL,exact_normalized
Ashanti,Adansi Asokwa,District,6.2467263,-1.50841,71844.0,21335.0,29.696286398307443,28.261232670786704,50.14893380101331,32.4,43.3,48.11403895302723,ADANSI ASOKWA,exact_normalized
Ashanti,Adansi North,District,6.3006124,-1.5897139446089,54155.0,16948.0,31.295355922814146,18.157141538177452,27.633644169513435,19.7,42.8,51.51759857429271,ADANSI NORTH,exact_normalized
Ashanti,Adansi South,District,6.00427495,-1.39314032189093,85200.0,25348.0,29.751173708920188,27.070422535211268,46.093896713615024,35.0,43.2,45.02532326586646,ADANSI SOUTH,exact_normalized
Ashanti,Afigya Kwabre North,District,7.03891495,-1.62667127242319,73330.0,21082.0,28.74948861311878,23.97927178508114,30.1200054547934,25.2,43.7,51.785190036358706,AFIGYA KWABRE NORTH,exact_normalized
Ashanti,Afigya Kwabre South,District,6.83998064999999,-1.60957900170106,234667.0,72634.0,30.951944670533138,13.424980930424814,24.97112930237315,13.0,43.3,49.29675513831722,AFIGYA KWABRE SOUTH,exact_normalized
Ashanti,Ahafo Ano North Municipal,Municipal,6.90966445,-2.23301229669742,92742.0,27509.0,29.661857626533823,24.91643484074098,30.63768303465528,26.5,41.2,43.118625598065755,AHAFO ANO NORTH,exact_normalized
Ashanti,Ahafo Ano South East,District,6.94633355,-1.90095355028736,63468.0,17591.0,27.716329488876283,32.23514211886305,32.33755593369887,31.8,42.5,46.29469999738787,AHAFO ANO SOUTH EAST,exact_normalized
Ashanti,Ahafo Ano South West,District,6.8289788,-2.00038660056909,65770.0,18720.0,28.462824996198876,31.427702599969592,37.518625513151896,31.9,41.8,44.394444309308945,AHAFO ANO SOUTH WEST,exact_normalized
Ashanti,Akrofuom,District,6.03262245,-1.67136425707588,49291.0,13524.0,27.437057474995434,30.03388042441825,42.83946359375951,37.0,44.2,49.31132075471698,ADANSI AKROFUOM,manual_resolved
Ashanti,Amansie Central,District,6.20744165,-1.82814118592735,93052.0,26490.0,28.46795340239866,29.44160254481365,33.994970554098785,28.6,43.3,44.62948916663918,AMANSIE CENTRAL,exact_normalized
Ashanti,Amansie South,District,6.30802585,-2.01186652006877,113155.0,33050.0,29.207723918518845,30.172771861605764,48.13839423799214,30.3,44.4,45.609358214299924,AMANSIE SOUTH,exact_normalized
Ashanti,Amansie West,District,6.43975084999999,-1.85237045719587,112627.0,32074.0,28.478073641311585,26.997078853205714,43.018104007032065,31.0,44.7,52.213268418254565,AMANSIE WEST,exact_normalized
Ashanti,Asante Akim Central Municipal,Municipal,6.56465915,-1.25347851347396,91673.0,29228.0,31.882888091368233,17.219901170464585,19.683003719743,16.9,42.6,51.134006935111906,ASANTE AKIM CENTRAL MUNICIPAL,exact_normalized
Ashanti,Asante Akim North Municipal,Municipal,6.906722,-0.958978,85202.0,26886.0,31.555597286448673,23.846858054975236,33.99920189666909,26.0,42.1,47.131220116876214,ASANTE AKIM NORTH,exact_normalized
Ashanti,Asante Akim South Municipal,Municipal,6.46141735,-1.11533920112058,123633.0,35653.0,28.837769851091537,25.618564622714,32.611843116320074,24.6,42.2,43.83756214087417,ASANTE AKIM SOUTH,exact_normalized
Ashanti,Asokore Mampong Municipal,Municipal,6.7077852,-1.5665013,191402.0,62187.0,32.49025611017649,19.35089497497414,20.275127741611897,11.3,42.7,48.515344293913614,ASOKORE MAMPONG MUNICIPAL,exact_normalized
Ashanti,Asokwa Municipal,Municipal,6.6739843,-1.6026178,125642.0,41790.0,33.261170627656355,10.732080036930325,14.247624202098024,6.3,41.4,44.07040704070407,ASOKWA  MUNICIPAL,exact_normalized
Ashanti,Atwima Kwanwoma,District,6.65,-1.73333,234846.0,73750.0,31.403558076356422,13.568040332813844,26.15288316598963,13.8,43.3,49.99266157869456,ATWIMA KWANWOMA,exact_normalized
Ashanti,Atwima Mponua,District,6.5558963,-2.17659077213842,155254.0,43265.0,27.86723691499092,29.223723704381207,24.13271155654605,25.1,42.4,43.50413462633121,ATWIMA MPONUA,exact_normalized
Ashanti,Atwima Nwabiagya North,District,6.87764335,-1.74489585317473,155025.0,47225.0,30.462828576036124,15.73681664247702,21.413320432188357,13.5,43.1,50.92516800565914,ATWIMA NWABIAGYA NORTH,exact_normalized
Ashanti,Atwima Nwabiagya South Municipal,Municipal,7.0689359,-2.0226618,161893.0,52189.0,32.23672425614449,13.833828516365747,23.435849604368318,12.5,43.0,48.40278965471372,ATWIMA NWABIAGYA SOUTH,exact_normalized
Ashanti,Bekwai Municipal,Municipal,6.43631235,-1.59282285301503,137967.0,43202.0,31.313285060920364,17.872389774366333,27.697927765335187,19.4,43.6,51.02855934937641,BEKWAI MUNICIPAL,exact_normalized
Ashanti,Bosome Freho,District,6.3681227,-1.36632312680072,62259.0,17537.0,28.167815095006343,28.545270563292053,49.05154274883952,31.3,41.0,40.50070191857745,BOSOME FREHO,exact_normalized
Ashanti,Bosomtwi,District,6.1777503,-0.1969922,165180.0,51530.0,31.196270734955807,13.871534084029543,28.312749727569923,16.1,43.8,50.0909521553766,BOSOMTWE,manual_resolved
Ashanti,Ejisu Municipal,Municipal,6.7139918,-1.4665782,180723.0,57696.0,31.925100844939493,14.908451054929367,21.687886987267806,13.5,43.6,50.56016737531214,EJISU MUNICIPAL,exact_normalized
Ashanti,Ejura Sekyedumase Municipal,Municipal,7.38567515,-1.39945747215309,137672.0,39464.0,28.66523330815271,35.88166075890523,33.57618106804579,25.0,42.2,46.845050336584364,EJURA-SEKYEDUMASE,exact_normalized
Ashanti,Juaben Municipal,Municipal,6.0721368,-0.260652306105858,63929.0,19128.0,29.920693269095402,21.971249354752928,30.42281280795883,20.9,43.1,47.114738597058754,JUABEN MUNICIPAL,exact_normalized
Ashanti,"Kumasi Metropolitan Area (KMA)-Bantama, Manhyia North, Manhyia South, Nhyiaeso, & Subin",Metropolitan,6.698152,-1.621229,443945.0,155625.0,35.05501807656354,10.821385531991575,22.551667436281523,8.9,42.3,48.25307249741272,KUMASI METROPOLITAN,manual_resolved
Ashanti,Kwabre East,Municipal,6.7897864,-1.53792852576917,296814.0,93804.0,31.603630556510137,12.887195347928332,24.40585686658985,10.6,43.3,47.24932771910546,KWABRE EAST,exact_normalized
Ashanti,Kwadaso Municipal,Municipal,6.68059249999999,-1.67467000057054,154526.0,52889.0,34.22660264292093,8.426413677957107,21.672728214022236,9.5,42.4,51.14453411592076,KWADASO MUNICIPAL,exact_normalized
Ashanti,Mampong Municipal,Municipal,7.056139,-1.40425,116632.0,36738.0,31.499074010563138,20.66928458742026,29.793710131010357,22.5,42.6,53.55750550869004,MAMPONG MUNICIPAL,exact_normalized
Ashanti,Obuasi East,Municipal,6.1796409,-1.60356394182495,92401.0,29934.0,32.39575329271328,15.482516422982435,17.398080107358144,13.1,42.7,51.2871124270088,OBUASI EAST,exact_normalized
Ashanti,Obuasi Municipal,Municipal,6.211542,-1.6894045,104297.0,34084.0,32.679751095429395,12.315790482947735,19.659242355964217,11.1,42.8,49.090498886037395,OBUASI MUNICIPAL,exact_normalized
Ashanti,Offinso Municipal,Municipal,7.05794129999999,-1.73462655987467,137272.0,42369.0,30.864997960254094,24.846290576373914,30.811818870563553,23.5,42.8,51.111524509347966,OFFINSO MUNICIPAL,exact_normalized
Ashanti,Offinso North,District,7.27974815,-1.79832745610104,83440.0,24424.0,29.271332694151486,37.38974113135187,33.47315436241611,34.3,41.5,43.79282267193613,OFFINSO NORTH,exact_normalized
Ashanti,Oforikrom Municipal,Municipal,6.672717,-1.5504236985326,213126.0,75115.0,35.244409410395726,10.1015361804754,23.01314715238873,10.0,42.8,59.80743380537059,OFORIKROM MUNICIPAL,exact_normalized
Ashanti,Old Tafo Municipal,Municipal,6.74083555,-1.60465968075918,114368.0,38512.0,33.67375489647454,11.7270565193061,24.64762870733072,9.2,42.9,45.31245970133856,OLD TAFO MUNICIPAL,exact_normalized
Ashanti,Sekyere Afram Plains,District,7.20286155,-0.592081996515861,33226.0,8183.0,24.628303136098236,51.70348522241618,63.402154938903266,50.5,40.8,42.37647932919386,SEKYERE AFRAM PLAINS NORTH,manual_resolved
Ashanti,Sekyere Central,District,7.21625465,-1.09955606489201,73228.0,20859.0,28.485005735511006,33.018790626536294,52.342000327743484,39.8,42.4,47.71673951720957,SEKYERE CENTRAL,exact_normalized
Ashanti,Sekyere East,District,6.77947295,-1.29935419961981,74789.0,23780.0,31.79611975023065,17.21376138202142,23.58501918731364,17.3,42.5,50.74171029668412,SEKYERE EAST,exact_normalized
Ashanti,Sekyere Kumawu,District,6.9098849,-1.23942940155571,64396.0,19228.0,29.858997453257967,20.327349524815205,35.775514007081185,23.9,42.9,50.44967352470125,SEKYERE KUMAWU,exact_normalized
Ashanti,Sekyere South,District,6.99532965,-1.50292100938884,120076.0,37497.0,31.227722442453114,17.737099836770046,26.93127685798994,22.6,42.8,52.81590399917596,SEKYERE SOUTH,exact_normalized
Ashanti,Suame Municipal,Municipal,6.738487,-1.62476687694823,136290.0,46222.0,33.914447134786116,10.34411915767848,23.688458434221147,8.7,42.7,43.48713938129997,SUAME MUNICIPAL,exact_normalized
Bono,Banda,District,8.1645269,-2.3569966,28179.0,7659.0,27.179814755669117,41.633840803435184,23.59203662301714,35.7,43.7,56.4121321253728,BANDA,exact_normalized
Bono,Berekum East Municipal,Municipal,7.4848835,-2.56459096524003,106252.0,36153.0,34.02571245717728,14.74136957421978,11.526371268305537,12.6,41.7,51.35101429996674,BEREKUM EAST MUNICIPAL,exact_normalized
Bono,Berekum West,District,7.47199419999999,-2.71078914019081,49464.0,15958.0,32.26184699983827,22.903525796538897,12.485848293708555,14.8,41.6,50.64586068952881,BEREKUM WEST,exact_normalized
Bono,Dormaa Central Municipal,Municipal,7.23948645,-2.85657511014467,112702.0,35322.0,31.341058721229437,22.177068729924933,17.33598338982449,15.8,41.7,47.12591302017021,DORMAA MUNICIPAL,manual_resolved
Bono,Dormaa East,District,7.26432845,-2.64146295349265,67899.0,21068.0,31.02843929954786,24.6822486340005,13.63937613219635,19.5,41.7,49.65537239856349,DORMAA EAST,exact_normalized
Bono,Dormaa West,District,6.97538415,-2.9463116043167,47913.0,13222.0,27.595850812931772,30.102477406966795,20.338947675996078,23.2,40.8,41.234617043155204,DORMAA WEST,exact_normalized
Bono,Jaman North,District,7.9132614,-2.69723280400663,116529.0,35066.0,30.09208008306945,26.40801860481082,7.06347776090072,14.5,42.4,51.82527509169723,JAMAN NORTH,exact_normalized
Bono,Jaman South,Municipal,7.62036559999999,-2.7963718064665,109768.0,34312.0,31.25865461701042,26.345565192041395,8.824065301362875,15.6,42.1,49.43667937314697,JAMAN SOUTH MUNICIPAL,exact_normalized
Bono,Sunyani Municipal,Municipal,7.3384389,-2.3309226,193595.0,63470.0,32.78493762752137,14.466282703582221,11.18055734910509,10.9,41.5,51.25732467786462,SUNYANI MUNICIPAL,exact_normalized
Bono,Sunyani West Municipal,Municipal,7.35779433737633,-2.34687996021684,136022.0,43997.0,32.34550293334902,20.8275131963947,15.605563805854935,17.6,43.1,55.77769844103297,SUNYANI WEST,exact_normalized
Bono,Tain,District,7.9614185,-2.1422727,115568.0,33737.0,29.19233697909456,36.54558355254049,19.055447874844248,21.5,41.9,46.66957078097987,TAIN,exact_normalized
Bono,Wenchi Municipal,Municipal,7.80281055,-2.08141333112632,124758.0,37424.0,29.997274723865402,33.76456820404303,20.25601564629122,23.6,42.2,50.642847995902166,WENCHI MUNICIPAL,exact_normalized
Bono East,Atebubu Amantin Municipal,Municipal,7.72813859999999,-1.09550967027384,144947.0,40752.0,28.115104141513793,40.99084492952596,25.492766321483025,28.8,41.5,44.98333564782669,ATEBUBU AMANTIN,exact_normalized
Bono East,Kintampo North Municipal,Municipal,8.053714,-1.728919,140250.0,40681.0,29.006060606060608,40.52263814616756,21.59643493761141,28.1,43.4,53.383020845464074,KINTAMPO NORTH MUNICIPAL,exact_normalized
Bono East,Kintampo South,District,7.94321545,-1.73400515142892,88384.0,24559.0,27.786703475742215,40.51751448225923,18.54860608254888,26.0,42.3,46.468160704702335,KINTAMPO SOUTH,exact_normalized
Bono East,Nkoranza North,District,7.7184776,-1.64389618122841,56468.0,15957.0,28.258482680456186,34.745342494864346,17.748105121484734,25.8,41.4,46.87279600530369,NKORANZA NORTH,exact_normalized
Bono East,Nkoranza South Municipal,Municipal,7.45296465,-1.67701851419084,114642.0,34501.0,30.094555224088904,29.96196856300483,14.689206399050958,18.0,41.6,46.80508100958889,NKORANZA SOUTH,exact_normalized
Bono East,Pru East,District,7.9636217,-0.9549861,100840.0,28766.0,28.526378421261406,43.863546211820704,28.239785799285997,30.3,41.2,45.2588501463934,PRU EAST,exact_normalized
Bono East,Pru West,District,8.03487795,-1.31329234137589,69820.0,19335.0,27.692638212546548,47.33743912918934,41.2202807218562,38.3,40.8,43.97283531409168,PRU WEST,exact_normalized
Bono East,Sene East,District,7.6658435,-0.182426172494555,72081.0,18084.0,25.088442169226287,49.89525672507318,43.63424480792442,49.5,41.5,43.57241815132586,SENE EAST,exact_normalized
Bono East,Sene West,District,7.74897775,-0.618112944814146,70104.0,19425.0,27.708832591578226,47.627810110692685,20.325516375670432,26.8,41.0,38.66789571958685,SENE WEST,exact_normalized
Bono East,Techiman Municipal,Municipal,7.5279454,-1.97466940505838,243335.0,77235.0,31.74019356031808,23.614358805761604,11.530605954753735,9.8,41.4,43.277810637716,TECHIMAN MUNICIPAL,exact_normalized
Bono East,Techiman North,District,7.70365499999999,-1.98577027897075,102529.0,31934.0,31.146309824537447,26.8753230793239,14.989905295087244,15.0,41.8,48.06251985898231,TECHIMAN NORTH,exact_normalized
Central,Abura Asebu Kwamankese,District,5.2698722,-1.18890498156872,124465.0,37927.0,30.472020246655685,26.917607359498653,35.53529104567549,28.0,44.1,50.56853915624764,ABURA-ASEBU-KWAMANKESE,exact_normalized
Central,Agona East,District,5.63553575,-0.654757357749996,98637.0,31096.0,31.525695225929418,22.748056003325324,53.915873353812465,25.9,43.6,49.417263848689814,AGONA EAST,exact_normalized
Central,Agona West Municipal,Municipal,4.8901537,-1.9664135,136569.0,44191.0,32.35800218204717,19.48978172205991,36.45410012521143,21.0,43.7,48.104100702756966,AGONA WEST MUNICIPAL,exact_normalized
Central,Ajumako Enyan Essiam,District,5.41243515,-0.984801059019988,120586.0,36846.0,30.555785912129103,24.179423813709718,40.739389315509264,29.6,43.5,50.07981312049834,AJUMAKO-ENYAN-ESSIAM,exact_normalized
Central,Asikuma Odoben Brakwa,District,5.62649825,-1.02551876426311,126993.0,38201.0,30.081185577157797,25.36281527328278,36.641389682895905,29.0,42.3,45.63260918477038,ASIKUMA-ODOBEN-BRAKWA,exact_normalized
Central,Assin Central Municipal,Municipal,5.73294244999999,-1.31730368183195,88753.0,27674.0,31.180917828129754,14.640631865965094,34.52503013982626,18.1,42.8,45.50037635443836,ASSIN FOSU,manual_resolved
Central,Assin North,District,5.82545685,-1.37392719579152,80539.0,23635.0,29.34603111536026,27.50841207365376,47.195768509666124,31.9,42.0,42.0069691867977,ASSIN NORTH,exact_normalized
Central,Assin South,District,5.52889644999999,-1.2709401638536,105995.0,31148.0,29.386291806217276,25.666305014387472,36.296051700551914,27.4,41.7,45.56032122650119,ASSIN SOUTH,exact_normalized
Central,Awutu Senya West,District,5.61965885,-0.520145612112832,161460.0,49125.0,30.42549238201412,25.30038399603617,57.327511457946244,22.5,44.5,45.215294316947514,,structural_gap
Central,Awutu Senya East Municipal,Municipal,5.40379055,-0.518157686947431,236527.0,77543.0,32.78399506187454,10.351460932578522,41.96645626080743,10.6,42.9,45.9912759553084,AWUTU SENYA EAST,exact_normalized
Central,Cape Cape Metropolitan Area (CCMA)-Cape Coast South & Cape Coast North,Metropolitan,5.1115501,-1.2484127,187365.0,64688.0,34.52512475649134,10.94601446374723,27.516345101806635,12.9,44.3,49.044153689529054,CAPE COAST METROPOLITAN,manual_resolved
Central,Effutu Municipal,Municipal,5.38339225,-0.597395635326539,108816.0,36492.0,33.535509483899425,18.589178062049697,29.941368916335833,21.7,44.2,65.75495881137851,EFFUTU MUNICIPAL,exact_normalized
Central,Ekumfi,District,5.28914455,-0.908864632637807,56741.0,16944.0,29.862004546976614,32.58842812075924,59.33980719409246,31.5,45.6,51.794944216918516,EKUMFI,exact_normalized
Central,Gomoa Central,District,5.47699369999999,-0.589745989100534,82592.0,26134.0,31.642289810151105,21.229659046881054,45.72597830298334,18.8,44.1,45.96297003244894,GOMOA CENTRAL,exact_normalized
Central,Gomoa East,District,5.47699369999999,-0.589745989100534,308697.0,96950.0,31.4062009025031,13.997544517763373,44.49962260728157,14.4,43.7,48.401255505492834,GOMOA EAST,exact_normalized
Central,Gomoa West,District,5.38725545,-0.833638570821268,129512.0,40607.0,31.35385138056705,30.44119463833467,50.467910309469396,28.3,44.4,49.04597181308137,GOMOA WEST,exact_normalized
Central,Komenda Edina Eguafo Abirem Municipal,Municipal,5.1302015,-1.43995928979516,166017.0,50105.0,30.18064415090021,26.05636772137793,45.29777071022847,25.1,44.2,49.94255146823379,KOMENDA-EDINA-EGUAFO-ABIREM MUNICIPAL,exact_normalized
Central,Mfantsiman Municipal,Municipal,5.27644145,-1.03472089878279,168905.0,55585.0,32.909031704212424,23.384150854030374,39.69272668067849,24.0,44.8,51.21966888146544,MFANTSEMAN MUNICIPAL,manual_resolved
Central,Twifo Ati Morkwa,District,5.61529845,-1.57822136908747,100851.0,30151.0,29.89658010332074,27.21638853357924,44.01443713993912,34.1,42.7,49.28739382887854,TWIFO ATTI-MORKWA,manual_resolved
Central,Twifo Heman Lower Denkyira,District,5.49471475,-1.53636464977824,66075.0,19664.0,29.76012107453651,25.881195611048053,55.39311388573591,32.1,42.4,45.71709327964721,TWIFO HEMANG LOWER DENKYIRA,manual_resolved
Central,Upper Denkyira East Municipal,Municipal,5.83523424999999,-1.73920835777296,110141.0,33259.0,30.196747805086208,21.208269400132558,27.902415994044,24.3,43.8,50.80460095758846,UPPER DENKYIRA EAST MUNICIPAL,exact_normalized
Central,Upper Denkyira West,District,6.10783305,-2.06931071266353,91025.0,25738.0,28.275748420763527,28.16478989288657,48.34276297720407,24.5,43.6,43.64454062827579,UPPER DENKYIRA WEST,exact_normalized
Eastern,Abuakwa North Municipal,Municipal,6.2336986,-0.382588987736012,76195.0,24610.0,32.29870726425619,14.474703064505546,20.35172911608373,15.7,42.9,51.682428398081626,ABUAKWA NORTH,exact_normalized
Eastern,Abuakwa South Municipal,Municipal,6.1727705,-0.470361048613095,89051.0,27633.0,31.030533065322118,19.443914161547877,21.975048006198694,21.1,43.4,51.293757004416904,ABUAKWA SOUTH,exact_normalized
Eastern,Achiase,District,5.8354534,-0.9966928,56348.0,17107.0,30.359551359409384,25.704550294597855,31.7562291474409,29.9,44.6,51.87041395542018,ACHIASE,exact_normalized
Eastern,Akwapim North Municipal,Municipal,5.9014961,-0.14597334325382,105315.0,35625.0,33.827090158097135,14.526895503964298,21.467027488961687,20.1,43.2,58.372490968845916,AKWAPEM NORTH,manual_resolved
Eastern,Akwapim South Municipal,Municipal,8.25846,0.508747,76922.0,26024.0,33.83167364343101,15.167312342372794,30.658329216609033,19.4,43.5,51.89776238179946,AKWAPEM SOUTH,manual_resolved
Eastern,Akyemansa,District,6.0815994,-1.11546439579942,91038.0,26687.0,29.31413256002988,27.67635492871109,26.480151145675432,23.6,42.4,43.59629731970158,AKYEM MANSA,manual_resolved
Eastern,Asene Manso Akroso,District,5.85516295,-0.8089562448565,77498.0,23476.0,30.292394642442385,24.112880332395676,30.1904565279104,25.7,42.5,47.31031431616627,ASENE AKROSO MANSO,manual_resolved
Eastern,Asuogyaman,District,6.36279085,0.0952598707485648,101256.0,32546.0,32.14229280240183,18.66556055937426,21.40218851228569,21.8,43.1,51.68483210435089,ASUOGYAMAN,exact_normalized
Eastern,Atiwa East,District,6.3954833,-0.597296233359515,64647.0,18809.0,29.094930932603216,20.065896329296024,17.864711432858446,18.4,42.4,45.85703268099875,ATIWA EAST,exact_normalized
Eastern,Atiwa West,District,6.20778059999999,-0.635808682575408,61219.0,17234.0,28.15139090805142,20.460968000130677,29.788137669677713,18.9,42.5,42.761907175990466,ATIWA WEST,exact_normalized
Eastern,Ayensuano,District,5.94469995,-0.449937193103216,94594.0,27364.0,28.927838974987843,27.379114954436858,46.5092923441233,29.1,42.9,42.69834422802535,AYENSUANO,exact_normalized
Eastern,Birim Central Municipal,Municipal,5.97391735,-1.00480959493596,76302.0,26007.0,34.08429661083589,13.03635553458625,12.184477471101674,11.9,41.9,51.39978464851561,BIRIM CENTRAL MUNICIPAL,exact_normalized
Eastern,Birim North,District,6.3681437,-1.02271793293055,82669.0,24728.0,29.912058933820415,21.30060845056793,17.158789872866492,18.3,42.6,45.71825799421335,BIRIM NORTH,exact_normalized
Eastern,Birim South,District,5.9375343,-1.0087951,35654.0,11093.0,31.112918606607955,20.435294777584563,29.40483536209121,24.9,43.6,50.64195221494771,BIRIM SOUTH,exact_normalized
Eastern,Denkyembuor,District,6.05,-0.8,77029.0,24760.0,32.143738072673926,19.865245556868192,12.956159368549507,18.1,42.3,53.41620910989096,DENKYEMBOUR,manual_resolved
Eastern,Fanteakwa North,District,6.49761694999999,-0.362546050326661,56987.0,16701.0,29.30668398055697,28.564409426711354,30.994788285047466,28.9,41.9,42.24165944540728,FANTEAKWA NORTH,exact_normalized
Eastern,Fanteakwa South,District,6.37117379999999,-0.311872167608319,54634.0,16368.0,29.9593659625874,17.873485375407256,24.61470878939854,21.7,41.7,44.89952572854127,FANTEAKWA SOUTH,exact_normalized
Eastern,Kwaebibirem Municipal,Municipal,6.23359759999999,-0.87590978580917,121698.0,37175.0,30.546927640552845,20.38242206116781,20.01594110010025,19.6,42.9,46.796243611369874,KWAEBIBIREM,exact_normalized
Eastern,Kwahu Afram Plains North,District,6.8753584,0.00474561233398435,66555.0,17918.0,26.922094508301406,42.225227255653216,48.10457516339869,48.5,41.9,39.259169298032546,KWAHU AFRAM PLAINS NORTH,exact_normalized
Eastern,Kwahu Afram Plains South,District,6.8854777,-0.460380290065423,74002.0,19800.0,26.756033620712955,40.55025539850274,44.69473798005459,39.1,41.6,37.899189440581125,KWAHU AFRAM PLAINS SOUTH,exact_normalized
Eastern,Kwahu East,District,6.73342465,-0.81009459846416,80233.0,23179.0,28.88960901374746,23.8792018246856,31.296349382423692,29.4,42.0,48.6785794729334,KWAHU EAST,exact_normalized
Eastern,Kwahu South Municipal,Municipal,8.25846,0.508747,79851.0,24447.0,30.615771875117407,23.702896645001314,28.579479280159298,28.8,43.4,50.505790092294646,KWAHU SOUTH,exact_normalized
Eastern,Kwahu West Municipal,Municipal,6.49118254999999,-0.728456087972531,145429.0,44751.0,30.771716782759974,16.509086908388287,16.517338357549043,15.1,41.9,45.29720223478065,KWAHU WEST,exact_normalized
Eastern,Lower Manya Krobo Municipal,Municipal,6.2127831,-0.0404975690174626,121849.0,42445.0,34.834097940894054,19.843412748565846,20.488473438436095,19.8,43.4,57.158840641157006,LOWER MANYA,manual_resolved
Eastern,New Juaben North Municipal,Municipal,6.1364245,-0.312846157003848,88716.0,29388.0,33.12592993372109,9.87307813697642,11.264033545245503,10.6,41.7,54.37552164532842,NEW JUABEN NORTH MUNICIPAL,exact_normalized
Eastern,New Juaben South Municipal,Municipal,6.0721368,-0.260652306105858,129741.0,44834.0,34.55653956729176,9.1104585289153,12.523412028580017,8.5,41.1,48.4641022375069,NEW JUABEN SOUTH MUNICIPAL,exact_normalized
Eastern,Nsawam Adoagyiri Municipal,Municipal,5.81791215,-0.36426765,155597.0,49554.0,31.84765773119019,15.54335880511835,29.261489617409076,13.0,43.4,46.64724713754218,NSAWAM ADOAGYIRI,exact_normalized
Eastern,Okere,District,6.04034605,-0.127770489495342,51675.0,16239.0,31.425253991291726,21.53265602322206,35.074987905176584,24.0,42.4,47.782240587164445,OKERE,exact_normalized
Eastern,Suhum Municipal,Municipal,6.035885,-0.4552751,126403.0,40187.0,31.79275808327334,18.914899171696874,28.54758194030205,17.6,42.0,41.41754084470063,SUHUM MUNICIPAL,exact_normalized
Eastern,Upper Manya Krobo,District,6.40201115,-0.134429386146108,70612.0,20752.0,29.388772446609643,35.31269472610888,38.15073925111879,32.7,40.5,36.00655026665782,UPPER MANYA,manual_resolved
Eastern,Upper West Akim,District,5.80678025,-0.540057196199224,95855.0,28405.0,29.633300297324084,28.33237702780241,49.22330603515727,29.7,43.7,44.60501598391721,UPPER WEST AKIM,exact_normalized
Eastern,West Akim Municipal,Municipal,5.9070609,-0.68318054757923,117681.0,36756.0,31.233589109541896,23.194058514118677,28.110740051495142,23.7,43.0,47.653542080461115,WEST AKIM,exact_normalized
Eastern,Yilo Krobo Municipal,Municipal,6.1564095,-0.167401779755807,122398.0,38765.0,31.671269138384613,21.138417294400234,29.417964345822643,21.5,42.1,44.66416261599647,YILO KROBO,exact_normalized
Greater Accra,Ablekuma Central Municipal,Municipal,5.5541808,-0.24078224491606,169145.0,58491.0,34.58038960655059,11.918767921014513,36.52723994206154,9.4,45.2,40.77907120233639,ABLEKUMA CENTRAL MUNICIPAL,exact_normalized
Greater Accra,Ablekuma North Municipal,Municipal,5.58719365,-0.263259064824942,159208.0,56500.0,35.4881664237978,7.149138234259585,36.66147429777398,8.3,42.9,39.55573794825674,ABLEKUMA NORTH MUNICIPAL,exact_normalized
Greater Accra,Ablekuma West Municipal,Municipal,5.5431939,-0.26615017413473,153490.0,53014.0,34.53905791908268,8.151019610398071,39.41429409082025,8.9,43.0,42.77750938347765,ABLEKUMA WEST MUNICIPAL,exact_normalized
Greater Accra,"Accra Metropolitan Area (AMA)-Ablekuma South, Ashiedu Keteke & Okaikoi South",Metropolitan,5.55381875,-0.205849787615075,276997.0,106780.0,38.549153961956264,16.656859099557035,38.04156723719029,11.1,43.9,41.15328921154164,ACCRA METROPOLIS,manual_resolved
Greater Accra,Ada East,District,5.8761016,0.549568161630084,76411.0,23053.0,30.16973995890644,29.294211566397507,42.907434793419796,28.2,44.2,51.25669550885868,ADA EAST,exact_normalized
Greater Accra,Ada West,District,5.9040093,0.420370257026968,76087.0,21662.0,28.470040874262356,33.127866784076126,59.261108993652,40.1,44.7,49.897963710571844,ADA WEST,exact_normalized
Greater Accra,Adentan Municipal,Municipal,5.7042433,-0.1690967,265971.0,91225.0,34.29885213049543,7.127092803350742,37.46085099503329,8.3,41.8,43.07159171457825,ADENTA MUNICIPAL,manual_resolved
Greater Accra,Ashaiman Municipal,Municipal,5.6993574,-0.0348533202566188,208060.0,70025.0,33.656156877823705,11.317889070460444,35.07209458809959,7.5,43.3,37.859318386513486,ASHAIMAN MUNICIPAL,exact_normalized
Greater Accra,Ayawaso Central Municipal,Municipal,5.59137939999999,-0.212668442666915,94831.0,33339.0,35.15622528498065,9.117271778215985,43.81267728907214,12.2,42.8,44.04641127130875,AYAWASO CENTRAL MUNICIPAL,exact_normalized
Greater Accra,Ayawaso East Municipal,Municipal,5.5828425,-0.194266228463183,53004.0,18521.0,34.942645838049955,19.026865896913442,38.87442457173044,15.4,44.0,51.7189211748135,AYAWASO EAST MUNICIPAL,exact_normalized
Greater Accra,Ayawaso North Municipal,Municipal,5.5908829,-0.199044848506062,63386.0,22837.0,36.028460543337644,14.264979648502823,33.99173319029439,13.9,43.8,50.19641888225719,AYAWASO NORTH MUNICIPAL,exact_normalized
Greater Accra,Ayawaso West Municipal,Municipal,5.62669775,-0.179111178909241,75303.0,27974.0,37.14858637770075,5.412798958872821,35.09820325883431,9.3,41.6,54.61325378222885,AYAWASO WEST,exact_normalized
Greater Accra,Ga Central Municipal,Municipal,5.3203951,-2.0334832,332232.0,113999.0,34.31307038455056,6.997519805437165,43.67610585374076,8.3,42.6,41.33317198817571,GA CENTRAL MUNICIPAL,exact_normalized
Greater Accra,Ga East Municipal,Municipal,5.669162,-0.333376,283379.0,97660.0,34.46268072087205,6.671277688184375,37.32492527674951,10.1,41.8,45.53971206172074,GA EAST,exact_normalized
Greater Accra,Ga North Municipal,Municipal,5.669162,-0.333376,235292.0,79032.0,33.5889023001207,8.040222362001257,36.699930299372696,10.5,42.3,46.828219134557806,GA NORTH MUNICIPAL,exact_normalized
Greater Accra,Ga South Municipal,Municipal,5.669162,-0.333376,350121.0,111736.0,31.91353846241728,14.278206677120195,51.14032006077899,15.8,44.1,45.21796247235785,GA SOUTH MUNICIPAL,exact_normalized
Greater Accra,Ga West Municipal,Municipal,5.669162,-0.333376,314299.0,99245.0,31.576619715621113,11.32965742811781,39.29824784679557,10.5,43.3,45.611020560454016,GA WEST MUNICIPAL,exact_normalized
Greater Accra,Korle Klottey Municipal,Municipal,5.55901944999999,-0.19823054970895,68633.0,25651.0,37.374149461629244,9.198199117042822,34.318767939620884,10.6,43.4,44.23371289901064,KORLE KLOTTEY MUNICIPAL,exact_normalized
Greater Accra,Kpone Katamanso Municipal,Municipal,5.77159775,-0.0733651054089466,412828.0,132218.0,32.02738186363328,9.259546348600386,37.856201614231594,10.5,43.1,44.34017573816625,KPONE KATAMANSO,exact_normalized
Greater Accra,Krowor Municipal,Municipal,5.60941925,-0.0769277820845922,143012.0,50062.0,35.00545408776886,7.136464072944928,43.14393197773613,12.4,42.4,47.78348154650586,KROWOR MUNICIPAL,exact_normalized
Greater Accra,La Dade-Kotopon Municipal,Municipal,5.58947605,-0.156988356399583,140264.0,49510.0,35.29772429133634,5.467546911538242,37.067244624422514,8.9,43.1,42.17890222648677,LA DADE-KOTOPON,exact_normalized
Greater Accra,La Nkwantanang Madina Municipal,Municipal,5.74468145,-0.172508699400876,220757.0,76189.0,34.51260888669442,7.713458689871669,35.27317367059708,11.3,42.7,47.037937896831664,LA-NKWANTANANG-MADINA,exact_normalized
Greater Accra,Ledzokuku Municipal,Municipal,5.6050983,-0.114493361214251,217304.0,76060.0,35.001656665316794,8.547932849832494,37.7604646025844,11.3,43.3,46.325541147576445,LEDZOKUKU MUNICIPAL,exact_normalized
Greater Accra,Ningo-Prampram,Municipal,5.81176965,0.146110955005239,204673.0,63476.0,31.01337255036082,17.40288166978546,45.17156635218129,19.4,44.0,46.48038849458349,NINGO/PRAMPRAM,manual_resolved
Greater Accra,Okaikoi North Municipal,Municipal,5.6104365,-0.2395459,160446.0,56884.0,35.45367288682797,7.9590641087967295,33.87993468207372,11.1,42.4,46.2417037043332,OKAIKWEI NORTH MUNICIPAL,manual_resolved
Greater Accra,Shai-Osudoku,District,5.95875335,0.161872328401567,105610.0,31732.0,30.04639712148471,21.545308209449864,28.738755799640185,23.5,44.2,51.302480154411015,SHAI OSUDOKU,exact_normalized
Greater Accra,Tema Metropolitan Area (TMA)-Tema Central & Tema East,Metropolitan,5.6698,-0.01657,174494.0,60769.0,34.82583928387223,11.34709502905544,45.188946324802,11.6,43.8,44.456628753011614,TEMA METROPOLITAN,manual_resolved
Greater Accra,Tema West Municipal,Municipal,5.65076355,-0.0688760444019398,196224.0,67893.0,34.59974315068493,5.490154109589041,39.21334801043705,8.2,42.0,42.537923069339,TEMA WEST MUNICIPAL,exact_normalized
Greater Accra,Weija Gbawe Municipal,Municipal,5.55414475,-0.296466750643799,213674.0,71627.0,33.52162640283797,7.8221964300757225,39.68522141205762,8.7,42.9,41.92753652860526,WEIJA GBAWE MUNICIPAL,exact_normalized
North East,Bunkpurugu Nakpanduri,District,10.632198,-0.180118,82384.0,23614.0,28.663332685958437,38.563313264711596,10.712031462419887,38.3,45.5,67.10298213833538,BUNKPURUGU NAKPANDURI,exact_normalized
North East,Chereponi,District,10.1792653999999,0.207987165887793,87176.0,22457.0,25.76053042121685,56.30563457832431,37.277461686702765,53.8,44.2,59.91062737810813,CHEREPONI,exact_normalized
North East,East Mamprusi Municipal,Municipal,10.45279035,-0.416678651029704,188006.0,50910.0,27.078923013095327,52.28184206887014,16.82286735529717,54.7,47.4,73.32862800454849,EAST MAMPRUSI,exact_normalized
North East,Mamprugu Moagduri,District,10.23964,-1.27428,68746.0,17970.0,26.139702673610103,58.87324353416926,62.55345765571815,44.5,42.4,41.6925696678109,MAMPRUGU MOAGDURI,exact_normalized
North East,West Mamprusi Municipal,Municipal,10.29738455,-0.764055036110824,175755.0,48368.0,27.520127450143665,46.80492731358994,15.36001820716338,41.5,45.8,67.93911102921606,WEST MAMPRUSI MUNICIPAL,exact_normalized
North East,Yunyoo Nasuan,District,10.4415225,-0.0276844142154081,56879.0,13990.0,24.596072364141424,58.01613952425324,33.07371789236801,56.9,47.0,64.40874914559124,YUNYOO-NASUAN,exact_normalized
Northern,Gushegu Municipal,Municipal,9.9185016,-0.2164706,153965.0,39410.0,25.596726528756534,59.790212061182736,48.124573766765174,51.5,44.3,53.48288532198801,GUSHEGU,exact_normalized
Northern,Karaga,District,9.9267799,-0.4316607,114225.0,30391.0,26.60625957539943,60.840446487196324,43.8695557014664,50.5,46.5,57.036391954581234,KARAGA,exact_normalized
Northern,Kpandai,District,8.4635789,-0.0119853,126213.0,33691.0,26.693763716891286,51.02327018611395,53.626013168215636,48.6,42.1,41.43818119891008,KPANDAI,exact_normalized
Northern,Kumbungu,District,9.5591282,-0.9467086,110586.0,28760.0,26.00690865028123,50.7089505000633,35.690774600763206,45.0,46.4,66.7330545044148,KUMBUNGU,exact_normalized
Northern,Mion,District,9.45284905,-0.335525511842833,94930.0,24286.0,25.58306120299168,60.724744548614765,42.37543453070683,53.4,44.5,52.19167384208735,MION,exact_normalized
Northern,Nanton,District,9.55848269999999,-0.710728600167338,50767.0,13374.0,26.343884807059705,55.03969113794394,38.78897709141766,39.9,45.3,55.29100529100529,NANTON,exact_normalized
Northern,Nanumba North Municipal,Municipal,8.92200959999999,-0.138644700894755,188680.0,49965.0,26.481344074623703,53.02416790332839,43.8626245495018,41.5,41.4,46.05170724950281,NANUMBA NORTH,exact_normalized
Northern,Nanumba South,District,8.76637935,0.0549741822848612,106374.0,26996.0,25.37838193543535,54.983360595634274,43.468328726944556,46.3,42.3,44.83609704371355,NANUMBA SOUTH,exact_normalized
Northern,Saboba,District,9.70870525,0.196098328672698,95683.0,26074.0,27.250399757532687,45.89843545875443,21.53256064295643,46.0,45.3,56.09947643979058,SABOBA,exact_normalized
Northern,Sagnarigu Municipal,Municipal,9.48585935,-0.855049753344912,341711.0,100082.0,29.28849232245962,27.510381579755993,18.26163044209873,18.7,43.9,58.86614761041111,,structural_gap
Northern,Savelugu Municipal,Municipal,9.6260647,-0.8258943,122888.0,33659.0,27.389981121020767,49.38561942581863,35.82774558947985,41.1,45.5,67.2455567645992,SAVELUGU,exact_normalized
Northern,Tamale Metropolitan Area (TMA)-Tamale Central & Tamale South,Metropolitan,9.40078,-0.8393,367324.0,111108.0,30.24795548344241,33.60929315808387,26.6484084895079,21.0,44.0,52.758961015656546,TAMALE METROPOLITAN,manual_resolved
Northern,Tatale Sanguli,District,9.34906725,0.514632473680653,74805.0,19322.0,25.829824209611658,54.72094111356193,48.7454047189359,52.4,43.5,48.15204854320245,TATALE SANGULI,exact_normalized
Northern,Tolon,District,9.555956,-1.19792230212529,118090.0,31525.0,26.695740536878652,56.018291133880936,52.02133965619443,57.5,46.8,66.99915728185091,TOLON,exact_normalized
Northern,Yendi Municipal,Municipal,9.4739214,0.022769270127783,154421.0,42284.0,27.382286088032068,46.24694827776015,23.75518873728314,38.3,45.3,60.14542975629154,YENDI MUNICIPAL,exact_normalized
Northern,Zabzugu,District,9.294058,0.367064,82846.0,21673.0,26.160587113439394,55.76974144798783,39.019385365618135,42.7,43.3,54.983205263884415,ZABZUGU,exact_normalized
Oti,Biakoye,District,7.39217985,0.262973639210098,71827.0,20321.0,28.29158951369262,31.341974466426276,38.995085413563146,34.2,42.2,41.32310642377757,BIAKOYE,exact_normalized
Oti,Guan,District,7.19092,0.60951,28238.0,7785.0,27.5692329485091,17.67830582902472,27.392166584035696,28.1,42.9,47.11180124223603,,structural_gap
Oti,Jasikan Municipal,Municipal,7.40707195,0.466071316332564,59695.0,17401.0,29.149845045648714,24.306893374654493,36.79872686154619,30.2,42.2,44.12315794804274,JASIKAN,exact_normalized
Oti,Kadjebi,District,7.7210325,0.534053201682814,73959.0,20709.0,28.00064900823429,28.641544639597615,28.898443732338187,27.2,41.5,41.85716741148161,KADJEBI,exact_normalized
Oti,Krachi East Municipal,Municipal,7.69817,0.22447,110435.0,30218.0,27.362702041925115,43.517906460814054,45.87042151491828,41.2,41.6,40.98264467914273,KRACHI EAST MUNICIPAL,exact_normalized
Oti,Krachi Nchumuru,District,8.1892008,-0.0866133771431008,79934.0,21370.0,26.734556008707184,47.79317937298271,60.01701403658018,47.2,40.8,37.310639038829876,KRACHI NCHUMURU,exact_normalized
Oti,Krachi West Municipal,Municipal,7.8,-0.01667,61128.0,17444.0,28.53684072765345,41.15135453474676,25.299371809972516,37.4,41.7,46.144363426533076,KRACHI WEST,exact_normalized
Oti,Nkwanta North (Kpassa),District,8.4892994,0.3094664,126096.0,33375.0,26.467929196802437,54.9343357441949,73.1704415683289,55.2,41.7,42.37207147201066,NKWANTA NORTH,manual_resolved
Oti,Nkwanta South Municipal,Municipal,8.25811615,0.509975335946734,135936.0,37565.0,27.634327919020716,44.774746939736346,52.28489877589454,42.8,41.8,40.649331015193894,NKWANTA SOUTH MUNICIPAL,exact_normalized
Savannah,Bole,District,8.69166865,-2.17855621492469,115800.0,32286.0,27.88082901554404,48.80224525043178,19.561312607944732,37.2,44.8,61.3890973785895,BOLE,exact_normalized
Savannah,Central Gonja,District,8.93715119999999,-1.10983922943129,142762.0,37012.0,25.92566649388493,56.9206091256777,46.17895518415265,61.8,46.6,68.50648927999583,CENTRAL GONJA,exact_normalized
Savannah,East Gonja Municipal,Municipal,8.347473,-0.7895018232454,117755.0,32157.0,27.30839454800221,51.28189885779797,29.471360027175066,38.8,43.1,54.44718650329769,EAST GONJA MUNICIPAL,exact_normalized
Savannah,North East Gonja,District,8.98787705,-0.403868101269744,39404.0,9966.0,25.291848543295096,59.93046391229317,58.895036036950565,60.4,45.6,58.35376700802923,NORTH EAST GONJA,exact_normalized
Savannah,North Gonja,District,8.98787705,-0.403868101269744,61443.0,15868.0,25.825561902901878,60.03613104828866,59.69923343586739,58.4,47.2,63.63636363636363,NORTH GONJA,exact_normalized
Savannah,Sawla Tuna Kalba,District,9.4809443,-2.41330933679435,112664.0,33062.0,29.34566498615352,58.733934530994816,42.84598452034368,54.2,46.9,65.4706883969837,SAWLA-TUNA-KALBA,exact_normalized
Savannah,West Gonja,Municipal,9.5267018,-1.5071681,63449.0,18196.0,28.67815095588583,40.19133477280966,8.877996501126889,39.7,44.9,73.58301930323772,WEST GONJA,exact_normalized
Upper East,Bawku Municipal,Municipal,11.0607602,-0.2422876,119458.0,34839.0,29.164225083292873,41.61546317534196,7.24020157712334,23.6,44.8,57.984286101327555,BAWKU MUNICIPAL,exact_normalized
Upper East,Bawku West,District,10.84277,-0.492947618512454,144189.0,39958.0,27.712238797689142,51.87496965787959,12.632031569675911,47.6,47.2,64.64045797067585,BAWKU WEST,exact_normalized
Upper East,Binduri,District,10.9694889,-0.3062234,76679.0,21406.0,27.91637866951838,52.68195985863144,14.259445219682052,53.8,47.8,70.33823307215783,BINDURI,exact_normalized
Upper East,Bolgatanga East,District,10.7853963,-0.8487322,38824.0,11835.0,30.48372140943746,32.20688234082011,7.412940449206676,24.9,44.0,61.44303099523453,BOLGA  EAST,manual_resolved
Upper East,Bolgatanga Municipal,Municipal,10.7853963,-0.8487322,142509.0,46310.0,32.496193222884166,28.30768583036861,8.779094653670997,20.2,44.8,55.93700854792293,BOLGATANGA MUNICIPAL,exact_normalized
Upper East,Bongo,District,10.9166838999999,-0.805767855895511,116431.0,35165.0,30.202437495168812,44.635878760811124,17.024675558914723,54.0,48.5,77.23568312158713,BONGO,exact_normalized
Upper East,Builsa North Municipal,Municipal,10.73472,-1.29056,56571.0,16143.0,28.535822241077582,39.925049937246996,11.470541443495785,39.7,46.8,65.29084225321657,BUILSA NORTH,exact_normalized
Upper East,Builsa South,District,10.53032385,-1.26246582508358,36575.0,10263.0,28.06015037593985,51.07860560492139,21.892002734107997,55.1,47.7,69.69604465570625,BUILSA SOUTH,exact_normalized
Upper East,Garu,District,10.76975475,-0.21182067584702,71774.0,19558.0,27.24942179619361,51.40301501936634,19.936188591969238,44.7,47.7,63.642551992864185,GARU,exact_normalized
Upper East,Kasena Nankana Municipal,Municipal,10.895598,-1.30768,99895.0,31126.0,31.158716652485108,32.681315381150206,12.46208518944892,33.8,47.1,65.60110877632226,KASENA NANKANA EAST,manual_resolved
Upper East,Kasena Nankana West,District,10.895598,-1.30768,90735.0,26493.0,29.198214580922468,41.1483991844382,13.600044084421668,53.6,47.4,74.06511788582779,KASENA NANKANA WEST,exact_normalized
Upper East,Nabdam,District,10.8469045,-0.661562047243897,53039.0,16128.0,30.40781311864854,46.52614114142423,19.838232244197666,68.6,51.2,84.5017809052211,NABDAM,exact_normalized
Upper East,Pusiga,District,11.0854045,-0.1276855,80533.0,22108.0,27.452100381210187,54.82597196180448,8.454919101486347,40.8,45.4,65.93572290194727,PUSIGA,exact_normalized
Upper East,Talensi,District,10.6451057499999,-0.62587443176215,87021.0,24262.0,27.880626515438802,40.690178232840346,18.847174819871064,56.2,48.9,72.23126291345925,TALENSI,exact_normalized
Upper East,Tempane,District,10.9030714,-0.0914351270233069,86993.0,24065.0,27.663145310542227,54.79406389019806,18.289977354499786,50.7,48.1,68.73573532567349,TEMPANE,exact_normalized
Upper West,Daffiama Bussie Issa,District,10.36748405,-2.26222672458466,38754.0,10968.0,28.30159467409816,55.64844919234144,26.288899210404086,38.7,44.4,57.62676204502419,DAFFIAMA BUSSIE ISSA,exact_normalized
Upper West,Jirapa Municipal,Municipal,10.5366328,-2.7008646,91279.0,27936.0,30.60506797839591,49.11206301558956,12.440977661893754,50.1,47.4,73.60491555725271,JIRAPA,exact_normalized
Upper West,Lambussie Karni,District,10.846747,-2.708741,51118.0,14326.0,28.025353104581555,50.170194452052115,11.416722093978638,44.2,46.0,64.8810106747625,LAMBUSSIE-KARNI,exact_normalized
Upper West,Lawra Municipal,Municipal,10.61348995,-2.86412434170417,58433.0,17366.0,29.7195078123663,46.10921910564236,6.049663717419951,39.5,45.8,66.16113239676459,LAWRA,exact_normalized
Upper West,Nadowli Kaleo,District,10.2868347,-2.6394776056347,77057.0,22624.0,29.360084093593056,44.25944430746071,12.824272940810049,40.6,47.2,66.03123847005288,NADOWLI-KALEO,exact_normalized
Upper West,Nandom,Municipal,10.8520701,-2.760077,51328.0,14682.0,28.604270573566083,43.84741271820449,5.231062967581047,31.8,44.8,64.1484624809491,NANDOM,exact_normalized
Upper West,Sissala East Municipal,Municipal,10.59705475,-1.85050542952138,80619.0,23421.0,29.051464295017304,45.86139743732867,16.52960220295464,28.8,44.3,52.00421299953414,SISSALA EAST,exact_normalized
Upper West,Sissala West,District,10.7467085,-2.29346951572635,63828.0,17554.0,27.50203672369493,49.844895657078396,12.477282697248857,32.3,46.1,59.69810312583489,SISSALA WEST,exact_normalized
Upper West,Wa East,District,10.06069,-2.50192,91457.0,24624.0,26.92412827886329,58.19784160862482,31.3644663612408,48.7,45.3,55.340904873250935,WA EAST,exact_normalized
Upper West,Wa Municipal,Municipal,10.0623261,-2.5054273,200672.0,62830.0,31.309799075107637,27.150773401371392,10.886919948971457,16.5,43.4,57.14757447069936,WA MUNICIPAL,exact_normalized
Upper West,Wa West,District,9.8985772,-2.6832633,96957.0,27784.0,28.656002145280898,56.69936157265592,30.873479996287013,61.9,48.7,67.36136694559936,WA WEST,exact_normalized
Volta,Adaklu,District,6.4470511,0.6286474,38649.0,11393.0,29.47812362544956,28.61652306657352,27.027866180237524,33.2,43.6,50.280343673107176,ADAKLU,exact_normalized
Volta,Afadzato South,District,7.0222497,0.561946,73146.0,21229.0,29.022776365078062,19.275148333470046,28.94348289721926,32.5,43.7,53.75925614271289,AFADZATO SOUTH,exact_normalized
Volta,Agortime-Ziope,District,6.42618935,0.732357165932429,39553.0,12218.0,30.890197962227898,30.26571941445655,25.666826789371225,25.7,43.4,41.732042401745055,AGOTIME ZIOPE,manual_resolved
Volta,Akatsi North,District,6.3108306,0.876439062223793,32755.0,10014.0,30.572431689818348,35.48771179972523,51.1189131430316,39.3,44.4,49.91313330516035,AKATSI NORTH,exact_normalized
Volta,Akatsi South Municipal,District,8.25846,0.508747,92133.0,29179.0,31.67051979203977,29.127457045792497,31.446929981656954,30.1,44.5,52.813752825301506,AKATSI SOUTH,exact_normalized
Volta,Anloga,District,5.7936484,0.8984702,94895.0,29534.0,31.122819958901943,30.825649401970598,43.92222983297329,31.6,45.9,56.944116582471715,ANLOGA,exact_normalized
Volta,Central Tongu,District,6.16884364999999,0.611561745917151,83284.0,25244.0,30.31074396042457,35.01392824552135,31.613515200998993,36.0,44.4,53.515869256276645,CENTRAL TONGU,exact_normalized
Volta,Ho Municipal,Municipal,6.6126598,0.4688932,180142.0,63965.0,35.50809916621332,10.56277825271175,13.459382043054923,12.5,42.1,52.504678222968344,HO MUNICIPAL,exact_normalized
Volta,Ho West,District,6.590707,0.46714,83172.0,25820.0,31.044101380272206,18.878949646515654,30.911845332563843,27.9,42.7,49.728236814616785,HO WEST,exact_normalized
Volta,Hohoe Municipal,Municipal,7.153187,0.477735,114472.0,36705.0,32.064609686211476,16.05370745684534,19.340974212034386,18.8,42.8,51.17257652225208,HOHOE MUNICIPAL,exact_normalized
Volta,Keta Municipal,Municipal,5.9215688,0.9910728,78862.0,25780.0,32.690015470061624,25.128705840582285,27.291978392635237,25.2,45.0,57.702611579887375,KETA MUNICIPAL,exact_normalized
Volta,Ketu North Municipal,Municipal,6.192057,0.981151401381816,114993.0,35821.0,31.150591775151533,31.57148696007583,38.01883592914351,27.2,44.3,49.342245136600404,KETU NORTH,exact_normalized
Volta,Ketu South Municipal,Municipal,6.07748514999999,1.0706219725046,253122.0,77440.0,30.593942841791705,30.057442656110492,47.85794992138178,25.6,45.4,53.02470104516493,KETU SOUTH,exact_normalized
Volta,Kpando Municipal,Municipal,7.0000115,0.318327973849328,58552.0,18164.0,31.02199754064763,18.773056428473836,19.73630277360295,23.4,43.4,53.82835820895522,KPANDO MUNICIPAL,exact_normalized
Volta,North Dayi,District,6.91384645,0.22267318926127,39268.0,11896.0,30.294387287358663,19.326168890699808,22.858307018437404,30.1,43.6,53.80559038277159,NORTH DAYI,exact_normalized
Volta,North Tongu,District,6.14399495,0.297188924896433,111410.0,33512.0,30.079885109056637,30.73512252042007,40.9074589354636,38.4,45.4,52.03018584785871,NORTH TONGU,exact_normalized
Volta,South Dayi,District,6.5449087,0.240546020283373,57518.0,17233.0,29.96105566952954,21.276817691852987,20.92910045550958,29.0,44.3,56.87401986408782,SOUTH DAYI,exact_normalized
Volta,South Tongu,District,5.96577275,0.641061228110148,113114.0,35644.0,31.511572395989887,28.695828986686,34.33969269940061,32.4,45.2,53.41837505320829,SOUTH TONGU,exact_normalized
Western,Ahanta West Municipal,Municipal,4.8514282,-1.98665461803006,153140.0,47048.0,30.72221496669714,24.98759305210918,46.2981585477341,27.2,44.7,49.01378752674084,AHANTA WEST MUNICIPAL,exact_normalized
Western,Effia Kwesimintsim Municipal,Municipal,4.96766095,-1.80360599719917,173975.0,57599.0,33.107630406667624,8.98404943238971,23.318292858169276,9.3,42.5,47.63736082745899,EFFIA KWESIMINTSIM MUNICIPAL,exact_normalized
Western,Ellembelle,District,5.14952214999999,-2.42142536190491,120893.0,36768.0,30.41367159388881,26.28026436600961,30.292903642063642,33.3,42.8,54.44766027200779,ELLEMBELLE,exact_normalized
Western,Jomoro Municipal,Municipal,5.199616,-2.61473434715296,126576.0,38855.0,30.696972569839463,28.70291366451776,31.74693464795854,31.2,43.7,50.64732722483956,JOMORO,exact_normalized
Western,Mpohor,District,4.9705877,-1.8927971,52028.0,15461.0,29.716691012531715,26.276235872991467,48.473898669946955,31.4,44.3,47.946527818405194,MPOHOR,exact_normalized
Western,Nzema East Municipal,Municipal,5.08576495,-2.22263416898707,94621.0,27556.0,29.122499233785312,34.41096585324611,49.09058242884772,38.2,43.0,45.570227693936985,NZEMA EAST,exact_normalized
Western,Prestea/Huni Valley Municipal,Municipal,5.44481979999999,-2.04050432321944,229301.0,67695.0,29.522330910026557,25.739094029245404,48.872006663730204,29.5,43.8,49.80429594272076,PRESTEA/HUNI VALLEY,exact_normalized
Western,"Sekondi Takoradi Metropolitan Area (STMA)- Takoradi, Sekondi & Essikado-Ketan",Metropolitan,4.95328,-1.73308,245382.0,82625.0,33.67198898044681,9.649852067388807,20.057298416346757,10.1,42.6,50.3726103701632,SEKONDI TAKORADI METROPOLIS,manual_resolved
Western,Shama,District,5.0606463,-1.64288365568687,117224.0,35874.0,30.602948201733433,20.930014331536203,30.40162424076981,22.0,44.4,48.5952371336645,SHAMA,exact_normalized
Western,Tarkwa-Nsuaem Municipal,Municipal,5.310935,-1.992426,219109.0,67080.0,30.614899433615232,17.815333920560086,28.382677115043197,18.2,43.5,49.69894665307509,TARKWA NSUAEM,exact_normalized
Western,Wassa Amenfi Central,District,5.7890318,-2.0839856,117999.0,32215.0,27.301078822701886,34.11469588725328,47.02327985830389,37.6,43.0,46.5293091086189,WASSA AMENFI CENTRAL,exact_normalized
Western,Wassa Amenfi East Municipal,Municipal,5.87660585,-1.98975398510416,179696.0,51720.0,28.781942836791025,32.213850057875526,45.96652123586502,35.5,44.4,53.08068107732819,WASSA AMENFI EAST,exact_normalized
Western,Wassa Amenfi West Municipal,Municipal,5.7735167,-2.5321498,131000.0,37508.0,28.63206106870229,29.92595419847328,27.834351145038166,24.9,42.0,42.721141466756436,WASSA AMENFI WEST,exact_normalized
Western,Wassa East,District,5.3622378,-1.62070954561049,99641.0,28067.0,28.1681235635933,31.67370861392399,53.395690528999104,38.0,42.0,39.56462146254938,WASSA EAST,exact_normalized
Western North,Aowin Municipal,Municipal,5.69311555,-2.7557437678514,133257.0,37969.0,28.493062278154245,38.74092918195667,33.74982177296502,37.1,41.9,43.1044832334836,AOWIN,exact_normalized
Western North,Bia East,District,6.817878,-3.00681786775424,53073.0,14414.0,27.15881898517137,42.62619410999943,43.888606259303224,32.9,41.5,38.18734457032329,BIA EAST,exact_normalized
Western North,Bia West,District,6.56894165,-3.06628883975843,115881.0,33204.0,28.653532503171355,10.34768426230357,7.135768590191662,24.5,41.3,46.82490023498658,BIA WEST,exact_normalized
Western North,Bibiani Anhwiaso Bekwai Municipal,Municipal,6.29602085,-2.23398871855776,167971.0,52106.0,31.020830976775752,13.489233260503301,8.897964529591418,25.8,41.9,49.295267632154626,BIBIANI-ANHWIASO-BEKWAI MUNICIPAL,exact_normalized
Western North,Bodi,District,6.24012575,-2.87347603617418,65748.0,19320.0,29.38492425625114,58.55235140232403,37.756281559895356,18.6,41.7,44.41320147742166,BODI,exact_normalized
Western North,Juaboso,District,6.3415722,-2.8235416,88814.0,26307.0,29.620330128132952,44.93323124732587,34.31103204449749,18.9,42.3,48.63653017429384,JUABOSO,exact_normalized
Western North,Sefwi Akontombra,District,6.0425529,-2.8760069,66689.0,18801.0,28.192055661353447,44.27716714900508,27.02394697776245,24.5,42.2,40.089129549320745,SEFWI AKONTOMBRA,exact_normalized
Western North,Sefwi Wiawso Municipal,Municipal,6.30540429999999,-2.51755838219394,151220.0,46745.0,30.91191641317286,28.078296521624125,24.679275228144427,33.3,42.4,47.319262124488574,SEFWI-WIAWSO,exact_normalized
Western North,Suaman,District,6.10824159999999,-3.00869712063798,38268.0,11022.0,28.802132329883975,50.342322567157936,58.989233824605414,37.5,41.3,51.79454710933481,SUAMAN,exact_normalized
