region,district_261,lat,lon,illiteracy_rate,poverty_incidence,illiteracy_rate_lisaI,illiteracy_rate_lag,illiteracy_rate_p,illiteracy_rate_cluster,poverty_incidence_lisaI,poverty_incidence_lag,poverty_incidence_p,poverty_incidence_cluster
Ahafo,Asunafo North Municipal,6.81509969999999,-2.67736640122449,26.321913551679916,26.1,-0.0148,1.2012,0.858,NS,0.0191,-2.3203,0.67,NS
Ahafo,Asunafo South,6.56280465,-2.53279356335542,28.8931543302106,26.2,0.0002,-0.4335,0.934,NS,0.0168,-2.187,0.701,NS
Ahafo,Asutifi North,7.07651835,-2.52531850396715,25.55060090271358,26.6,0.0884,-5.5722,0.373,NS,0.0381,-6.9536,0.175,NS
Ahafo,Asutifi South,6.84924284999999,-2.46125343688365,29.25862120177028,23.2,-0.0033,-2.5917,0.65,NS,0.0545,-2.237,0.704,NS
Ahafo,Tano North Municipal,7.19329065,-2.2080833699397,23.449988277670027,21.6,0.1977,-7.7343,0.208,NS,0.2643,-7.9536,0.148,NS
Ahafo,Tano South Municipal,7.16093674999999,-1.99681708617696,27.90582717355068,23.7,0.0089,-1.7872,0.784,NS,0.0357,-1.6536,0.752,NS
Ashanti,Adansi Asokwa,6.2467263,-1.50841,28.261232670786704,32.4,0.0303,-9.0771,0.129,NS,-0.1599,-5.987,0.278,NS
Ashanti,Adansi North,6.3006124,-1.5897139446089,18.15714153817745,19.7,0.35,-6.9979,0.269,NS,0.2161,-4.937,0.383,NS
Ashanti,Adansi South,6.00427495,-1.39314032189093,27.070422535211268,35.0,0.0447,-5.0505,0.354,NS,-0.0646,-1.5703,0.759,NS
Ashanti,Afigya Kwabre North,7.03891495,-1.62667127242319,23.97927178508114,25.2,0.2644,-11.4341,0.049,LL,0.1321,-9.9703,0.07,NS
Ashanti,Afigya Kwabre South,6.83998064999999,-1.60957900170106,13.424980930424814,13.0,1.1146,-15.5064,0.009,LL,1.394,-17.2203,0.004,LL
Ashanti,Ahafo Ano North Municipal,6.90966445,-2.23301229669742,24.91643484074098,26.5,0.0568,-3.025,0.603,NS,0.018,-2.987,0.576,NS
Ashanti,Ahafo Ano South East,6.94633355,-1.90095355028736,32.23514211886305,31.8,-0.0905,-6.0294,0.292,NS,-0.1373,-5.8703,0.271,NS
Ashanti,Ahafo Ano South West,6.8289788,-2.00038660056909,31.427702599969592,31.9,-0.0835,-7.3987,0.204,NS,-0.1688,-7.0536,0.19,NS
Ashanti,Akrofuom,6.03262245,-1.67136425707588,30.03388042441825,37.0,-0.0324,-6.6877,0.277,NS,-0.183,-3.5036,0.526,NS
Ashanti,Amansie Central,6.20744165,-1.82814118592735,29.44160254481365,28.6,-0.0143,-6.7912,0.264,NS,-0.0219,-3.887,0.439,NS
Ashanti,Amansie South,6.30802585,-2.01186652006877,30.172771861605764,30.3,-0.0314,-5.7123,0.365,NS,-0.0487,-3.237,0.553,NS
Ashanti,Amansie West,6.43975084999999,-1.85237045719587,26.997078853205718,31.0,0.0801,-8.7297,0.136,NS,-0.1346,-7.1036,0.201,NS
Ashanti,Asante Akim Central Municipal,6.56465915,-1.25347851347396,17.219901170464585,16.9,0.5092,-9.3697,0.099,NS,0.4994,-8.4203,0.107,NS
Ashanti,Asante Akim North Municipal,6.906722,-0.958978,23.84685805497524,26.0,0.1645,-6.9296,0.26,NS,0.0231,-2.6203,0.621,NS
Ashanti,Asante Akim South Municipal,6.46141735,-1.11533920112058,25.618564622714,24.6,0.1077,-6.928,0.258,NS,0.1064,-6.4203,0.251,NS
Ashanti,Asokore Mampong Municipal,6.7077852,-1.5665013,19.35089497497414,11.3,0.7958,-17.8821,0.002,LL,1.6846,-18.637,0.001,LL
Ashanti,Asokwa Municipal,6.6739843,-1.6026178,10.732080036930324,6.3,1.4493,-17.1891,0.005,LL,2.1249,-17.987,0.002,LL
Ashanti,Atwima Kwanwoma,6.65,-1.73333,13.568040332813844,13.8,1.2167,-17.084,0.005,LL,1.4234,-18.6036,0.001,LL
Ashanti,Atwima Mponua,6.5558963,-2.17659077213842,29.223723704381207,25.1,-0.0033,-3.0016,0.606,NS,-0.0142,1.0297,0.848,NS
Ashanti,Atwima Nwabiagya North,6.87764335,-1.74489585317473,15.73681664247702,13.5,0.5849,-9.5582,0.115,NS,0.7052,-9.0203,0.089,NS
Ashanti,Atwima Nwabiagya South Municipal,7.0689359,-2.0226618,13.833828516365749,12.5,0.1064,-1.5208,0.817,NS,0.091,-1.087,0.861,NS
Ashanti,Bekwai Municipal,6.43631235,-1.59282285301503,17.872389774366333,19.4,0.5629,-10.9655,0.059,NS,0.4144,-9.1203,0.099,NS
Ashanti,Bosome Freho,6.3681227,-1.36632312680072,28.545270563292053,31.3,0.0173,-8.5491,0.166,NS,-0.1354,-6.5703,0.236,NS
Ashanti,Bosomtwi,6.1777503,-0.1969922,13.871534084029545,16.1,0.8196,-11.7395,0.045,LL,0.6399,-10.037,0.059,NS
Ashanti,Ejisu Municipal,6.7139918,-1.4665782,14.908451054929367,13.5,1.0652,-16.381,0.007,LL,1.4231,-18.2036,0.001,LL
Ashanti,Ejura Sekyedumase Municipal,7.38567515,-1.39945747215309,35.88166075890523,25.0,-0.002,-0.064,0.988,NS,0.006,-0.4203,0.933,NS
Ashanti,Juaben Municipal,6.0721368,-0.260652306105858,21.971249354752928,20.9,0.4291,-13.2442,0.019,LL,0.4158,-11.2036,0.038,LL
Ashanti,"Kumasi Metropolitan Area (KMA)-Bantama, Manhyia North, Manhyia South, Nhyiaeso, & Subin",6.698152,-1.621229,10.821385531991575,8.9,1.4435,-17.204,0.002,LL,1.9103,-18.4203,0.002,LL
Ashanti,Kwabre East,6.7897864,-1.53792852576917,12.887195347928332,10.6,1.1656,-15.6748,0.008,LL,1.5684,-16.637,0.004,LL
Ashanti,Kwadaso Municipal,6.68059249999999,-1.67467000057054,8.426413677957107,9.5,1.5411,-16.2271,0.009,LL,1.7954,-17.887,0.004,LL
Ashanti,Mampong Municipal,7.056139,-1.40425,20.66928458742026,22.5,0.4375,-11.3894,0.055,NS,0.249,-8.8203,0.108,NS
Ashanti,Obuasi East,6.1796409,-1.60356394182495,15.482516422982435,13.1,0.3932,-6.304,0.299,NS,0.2321,-2.887,0.566,NS
Ashanti,Obuasi Municipal,6.211542,-1.6894045,12.315790482947737,11.1,0.4448,-5.7762,0.352,NS,0.2337,-2.5536,0.669,NS
Ashanti,Offinso Municipal,7.05794129999999,-1.73462655987467,24.846290576373917,23.5,0.1064,-5.5672,0.358,NS,0.095,-4.187,0.447,NS
Ashanti,Offinso North,7.27974815,-1.79832745610104,37.38974113135187,34.3,-0.1926,-4.9608,0.406,NS,-0.328,-8.8036,0.09,NS
Ashanti,Oforikrom Municipal,6.672717,-1.5504236985326,10.1015361804754,10.0,1.396,-16.0037,0.007,LL,1.7507,-17.937,0.001,LL
Ashanti,Old Tafo Municipal,6.74083555,-1.60465968075918,11.7270565193061,9.2,1.3243,-16.6115,0.009,LL,1.866,-18.287,0.001,LL
Ashanti,Sekyere Afram Plains,7.20286155,-0.592081996515861,51.70348522241618,50.5,0.7856,7.4853,0.19,NS,0.9554,7.513,0.181,NS
Ashanti,Sekyere Central,7.21625465,-1.09955606489201,33.018790626536294,39.8,-0.1188,-6.3717,0.28,NS,-0.3188,-4.7036,0.408,NS
Ashanti,Sekyere East,6.77947295,-1.29935419961981,17.21376138202142,17.3,0.7169,-13.1851,0.026,LL,0.7547,-13.2203,0.019,LL
Ashanti,Sekyere Kumawu,6.9098849,-1.23942940155571,20.327349524815205,23.9,0.4442,-11.1072,0.063,NS,0.1808,-8.837,0.094,NS
Ashanti,Sekyere South,6.99532965,-1.50292100938884,17.737099836770046,22.6,0.54,-10.3937,0.068,NS,0.2639,-9.537,0.076,NS
Ashanti,Suame Municipal,6.738487,-1.62476687694823,10.34411915767848,8.7,1.4746,-17.1245,0.004,LL,1.9273,-18.387,0.001,LL
Bono,Banda,8.1645269,-2.3569966,41.633840803435184,35.7,0.3799,6.502,0.256,NS,-0.1923,-4.2703,0.453,NS
Bono,Berekum East Municipal,7.4848835,-2.56459096524003,14.74136957421978,12.6,0.4661,-7.084,0.229,NS,0.9887,-11.887,0.033,LL
Bono,Berekum West,7.47199419999999,-2.71078914019081,22.903525796538897,14.8,0.2372,-8.4443,0.164,NS,0.8696,-12.2536,0.018,LL
Bono,Dormaa Central Municipal,7.23948645,-2.85657511014467,22.177068729924933,15.8,0.155,-4.9301,0.417,NS,0.5802,-8.8703,0.101,NS
Bono,Dormaa East,7.26432845,-2.64146295349265,24.6822486340005,19.5,0.1763,-8.8733,0.146,NS,0.5028,-11.2036,0.047,LL
Bono,Dormaa West,6.97538415,-2.9463116043167,30.102477406966795,23.2,-0.0191,-3.7001,0.519,NS,0.0816,-3.3536,0.557,NS
Bono,Jaman North,7.9132614,-2.69723280400663,26.40801860481082,14.5,-0.004,0.3381,0.958,NS,0.505,-6.9536,0.209,NS
Bono,Jaman South,7.62036559999999,-2.7963718064665,26.345565192041395,15.6,0.0857,-7.0277,0.251,NS,0.7841,-11.787,0.027,LL
Bono,Sunyani Municipal,7.3384389,-2.3309226,14.46628270358222,10.9,0.4108,-6.1248,0.314,NS,0.6779,-7.3203,0.187,NS
Bono,Sunyani West Municipal,7.35779433737633,-2.34687996021684,20.8275131963947,17.6,0.3022,-8.0187,0.17,NS,0.5498,-9.9203,0.068,NS
Bono,Tain,7.9614185,-2.1422727,36.54558355254049,21.5,0.1922,5.5037,0.35,NS,0.1538,-4.5536,0.412,NS
Bono,Wenchi Municipal,7.80281055,-2.08141333112632,33.76456820404303,23.6,0.1064,4.8191,0.439,NS,0.145,-6.5536,0.227,NS
Bono East,Atebubu Amantin Municipal,7.72813859999999,-1.09550967027384,40.99084492952596,28.8,0.6339,11.4281,0.053,NS,0.023,3.413,0.523,NS
Bono East,Kintampo North Municipal,8.053714,-1.728919,40.52263814616756,28.1,0.4076,7.6466,0.206,NS,-0.0073,-2.5536,0.654,NS
Bono East,Kintampo South,7.94321545,-1.73400515142892,40.51751448225923,26.0,0.4074,7.6475,0.22,NS,0.0194,-2.2036,0.685,NS
Bono East,Nkoranza North,7.7184776,-1.64389618122841,34.745342494864346,25.8,0.1041,3.9112,0.522,NS,0.0721,-7.2703,0.197,NS
Bono East,Nkoranza South Municipal,7.45296465,-1.67701851419084,29.96196856300483,18.0,0.0071,1.5744,0.81,NS,0.2848,-5.3536,0.352,NS
Bono East,Pru East,7.9636217,-0.9549861,43.863546211820704,30.3,0.9618,13.9931,0.017,HH,0.0451,2.9964,0.579,NS
Bono East,Pru West,8.03487795,-1.31329234137589,47.33743912918934,38.3,1.1024,13.0026,0.025,HH,0.1217,2.0464,0.692,NS
Bono East,Sene East,7.6658435,-0.182426172494555,49.89525672507318,49.5,1.4366,14.8716,0.012,HH,1.4548,11.963,0.022,HH
Bono East,Sene West,7.74897775,-0.618112944814146,47.627810110692685,26.8,1.5069,17.4967,0.001,HH,-0.0508,11.6297,0.027,LH
Bono East,Techiman Municipal,7.5279454,-1.97466940505838,23.614358805761604,9.8,-0.0692,2.7894,0.659,NS,0.4133,-4.187,0.438,NS
Bono East,Techiman North,7.70365499999999,-1.98577027897075,26.8753230793239,15.0,-0.041,4.2072,0.498,NS,0.4753,-6.8036,0.228,NS
Central,Abura Asebu Kwamankese,5.2698722,-1.18890498156872,26.917607359498653,28.0,0.0495,-5.1809,0.386,NS,-0.0057,-2.5036,0.656,NS
Central,Agona East,5.63553575,-0.654757357749996,22.748056003325324,25.9,0.2033,-7.0573,0.23,NS,0.0511,-5.4536,0.301,NS
Central,Agona West Municipal,4.8901537,-1.9664135,19.48978172205991,21.0,0.3558,-8.1112,0.172,NS,0.1665,-4.5536,0.38,NS
Central,Ajumako Enyan Essiam,5.41243515,-0.984801059019988,24.17942381370972,29.6,0.0353,-1.5909,0.817,NS,0.005,0.4464,0.939,NS
Central,Asikuma Odoben Brakwa,5.62649825,-1.02551876426311,25.36281527328278,29.0,0.0916,-5.4731,0.363,NS,-0.0096,-1.2203,0.827,NS
Central,Assin Central Municipal,5.73294244999999,-1.31730368183195,14.640631865965094,18.1,0.1679,-2.5334,0.672,NS,-0.2104,3.9964,0.462,NS
Central,Assin North,5.82545685,-1.37392719579152,27.50841207365376,31.9,0.0245,-3.6004,0.575,NS,0.0386,1.613,0.785,NS
Central,Assin South,5.52889644999999,-1.2709401638536,25.666305014387472,27.4,0.0751,-4.9027,0.42,NS,-0.0005,0.5297,0.925,NS
Central,Awutu Senya West,5.61965885,-0.520145612112832,25.30038399603617,22.5,0.2067,-12.1478,0.038,LL,0.2641,-9.3536,0.084,NS
Central,Awutu Senya East Municipal,5.40379055,-0.518157686947431,10.351460932578522,10.6,0.9213,-10.7032,0.083,NS,0.8409,-8.9203,0.092,NS
Central,Cape Cape Metropolitan Area (CCMA)-Cape Coast South & Cape Coast North,5.1115501,-1.2484127,10.94601446374723,12.9,0.2757,-3.3084,0.566,NS,0.0723,-0.887,0.876,NS
Central,Effutu Municipal,5.38339225,-0.597395635326539,18.589178062049697,21.7,0.3989,-8.3063,0.163,NS,0.2452,-7.5036,0.159,NS
Central,Ekumfi,5.28914455,-0.908864632637807,32.58842812075924,31.5,-0.0695,-4.172,0.477,NS,-0.0178,-0.8203,0.889,NS
Central,Gomoa Central,5.47699369999999,-0.589745989100534,21.229659046881054,18.8,0.3133,-8.7464,0.151,NS,0.3423,-7.0203,0.205,NS
Central,Gomoa East,5.47699369999999,-0.589745989100534,13.997544517763371,14.4,0.5221,-7.541,0.196,NS,0.4601,-6.287,0.239,NS
Central,Gomoa West,5.38725545,-0.833638570821268,30.44119463833467,28.3,-0.0448,-6.6563,0.281,NS,-0.0168,-4.2536,0.418,NS
Central,Komenda Edina Eguafo Abirem Municipal,5.1302015,-1.43995928979516,26.05636772137793,25.1,0.108,-7.9846,0.172,NS,0.0516,-3.737,0.478,NS
Central,Mfantsiman Municipal,5.27644145,-1.03472089878279,23.384150854030374,24.0,0.0999,-3.8612,0.513,NS,0.026,-1.3036,0.81,NS
Central,Twifo Ati Morkwa,5.61529845,-1.57822136908747,27.21638853357924,34.1,0.0372,-4.5546,0.449,NS,0.0378,1.0464,0.853,NS
Central,Twifo Heman Lower Denkyira,5.49471475,-1.53636464977824,25.881195611048053,32.1,0.0505,-3.524,0.58,NS,0.0379,1.513,0.787,NS
Central,Upper Denkyira East Municipal,5.83523424999999,-1.73920835777296,21.20826940013256,24.3,0.0439,-1.2227,0.848,NS,-0.072,3.9464,0.458,NS
Central,Upper Denkyira West,6.10783305,-2.06931071266353,28.16478989288657,24.5,0.014,-3.693,0.539,NS,-0.0096,0.563,0.914,NS
Eastern,Abuakwa North Municipal,6.2336986,-0.382588987736012,14.474703064505546,15.7,0.9134,-13.6271,0.018,LL,0.7325,-11.1036,0.043,LL
Eastern,Abuakwa South Municipal,6.1727705,-0.470361048613095,19.44391416154788,21.1,0.4468,-10.1387,0.1,NS,0.3163,-8.787,0.12,NS
Eastern,Achiase,5.8354534,-0.9966928,25.70455029459785,29.9,0.1096,-7.2362,0.229,NS,-0.0692,-5.387,0.334,NS
Eastern,Akwapim North Municipal,5.9014961,-0.14597334325382,14.526895503964298,20.1,1.0819,-16.1986,0.002,LL,0.568,-13.6703,0.016,LL
Eastern,Akwapim South Municipal,8.25846,0.508747,15.167312342372794,19.4,-0.6202,9.7164,0.094,NS,-0.5087,11.1964,0.036,LH
Eastern,Akyemansa,6.0815994,-1.11546439579942,27.67635492871109,23.6,0.0463,-7.6627,0.183,NS,0.0956,-4.3203,0.427,NS
Eastern,Asene Manso Akroso,5.85516295,-0.8089562448565,24.11288033239568,25.7,0.1835,-8.1538,0.176,NS,0.0543,-5.187,0.364,NS
Eastern,Asuogyaman,6.36279085,0.0952598707485648,18.66556055937426,21.8,0.2521,-5.288,0.395,NS,0.0429,-1.337,0.823,NS
Eastern,Atiwa East,6.3954833,-0.597296233359515,20.065896329296024,18.4,0.3885,-9.4299,0.122,NS,0.3749,-7.3536,0.193,NS
Eastern,Atiwa West,6.20778059999999,-0.635808682575408,20.46096800013068,18.9,0.3987,-10.1265,0.093,NS,0.4421,-9.1703,0.113,NS
Eastern,Ayensuano,5.94469995,-0.449937193103216,27.379114954436854,29.1,0.0749,-10.0983,0.086,NS,-0.0766,-9.1203,0.098,NS
Eastern,Birim Central Municipal,5.97391735,-1.00480959493596,13.03635553458625,11.9,0.4387,-5.9549,0.338,NS,0.3442,-3.9536,0.487,NS
Eastern,Birim North,6.3681437,-1.02271793293055,21.30060845056793,18.3,0.2245,-6.3258,0.3,NS,0.2957,-5.737,0.282,NS
Eastern,Birim South,5.9375343,-1.0087951,20.435294777584563,24.9,0.2511,-6.358,0.286,NS,0.0679,-4.5536,0.391,NS
Eastern,Denkyembuor,6.05,-0.8,19.865245556868192,18.1,0.3671,-8.714,0.162,NS,0.3582,-6.8036,0.213,NS
Eastern,Fanteakwa North,6.49761694999999,-0.362546050326661,28.564409426711357,28.9,0.0171,-8.8106,0.134,NS,-0.0484,-6.637,0.223,NS
Eastern,Fanteakwa South,6.37117379999999,-0.311872167608319,17.873485375407256,21.7,0.448,-8.7276,0.151,NS,0.2201,-6.737,0.218,NS
Eastern,Kwaebibirem Municipal,6.23359759999999,-0.87590978580917,20.38242206116781,19.6,0.3646,-9.1762,0.14,NS,0.4405,-9.937,0.061,NS
Eastern,Kwahu Afram Plains North,6.8753584,0.0047456123339843,42.225227255653216,48.5,-0.2039,-3.3336,0.594,NS,0.2046,1.763,0.77,NS
Eastern,Kwahu Afram Plains South,6.8854777,-0.460380290065423,40.55025539850274,39.1,0.1142,2.137,0.723,NS,0.3501,5.4797,0.323,NS
Eastern,Kwahu East,6.73342465,-0.81009459846416,23.8792018246856,29.4,0.1023,-4.3358,0.463,NS,-0.0403,-4.0036,0.482,NS
Eastern,Kwahu South Municipal,8.25846,0.508747,23.702896645001317,28.8,-0.2024,8.2938,0.147,NS,0.0648,9.6297,0.084,NS
Eastern,Kwahu West Municipal,6.49118254999999,-0.728456087972531,16.509086908388287,15.1,0.377,-6.5421,0.257,NS,0.3698,-5.337,0.341,NS
Eastern,Lower Manya Krobo Municipal,6.2127831,-0.0404975690174626,19.843412748565846,19.8,0.2915,-6.9023,0.266,NS,0.2054,-4.7536,0.382,NS
Eastern,New Juaben North Municipal,6.1364245,-0.312846157003848,9.87307813697642,10.6,1.0873,-12.316,0.042,LL,0.9698,-10.287,0.058,NS
Eastern,New Juaben South Municipal,6.0721368,-0.260652306105858,9.1104585289153,8.5,1.0191,-11.1007,0.057,NS,0.9679,-9.137,0.087,NS
Eastern,Nsawam Adoagyiri Municipal,5.81791215,-0.36426765,15.54335880511835,13.0,0.8059,-12.9792,0.031,LL,0.8071,-9.9703,0.063,NS
Eastern,Okere,6.04034605,-0.127770489495342,21.53265602322206,24.0,0.4214,-12.2407,0.035,LL,0.1945,-9.7703,0.07,NS
Eastern,Suhum Municipal,6.035885,-0.4552751,18.914899171696877,17.6,0.5555,-11.9423,0.044,LL,0.5508,-9.937,0.068,NS
Eastern,Upper Manya Krobo,6.40201115,-0.134429386146108,35.31269472610888,32.7,-0.2629,-8.9915,0.146,NS,-0.1689,-5.9536,0.274,NS
Eastern,Upper West Akim,5.80678025,-0.540057196199224,28.33237702780241,29.7,0.0205,-6.8044,0.245,NS,-0.0659,-5.6203,0.309,NS
Eastern,West Akim Municipal,5.9070609,-0.68318054757923,23.19405851411868,23.7,0.1451,-5.4256,0.376,NS,0.0698,-3.237,0.546,NS
Eastern,Yilo Krobo Municipal,6.1564095,-0.167401779755807,21.138417294400234,21.5,0.4694,-12.9506,0.028,LL,0.3695,-10.937,0.041,LL
Greater Accra,Ablekuma Central Municipal,5.5541808,-0.24078224491606,11.918767921014512,9.4,1.3745,-17.4345,0.003,LL,1.6658,-16.5036,0.003,LL
Greater Accra,Ablekuma North Municipal,5.58719365,-0.263259064824942,7.149138234259585,8.3,1.9278,-19.1121,0.003,LL,1.8075,-16.887,0.005,LL
Greater Accra,Ablekuma West Municipal,5.5431939,-0.26615017413473,8.151019610398071,8.9,1.7972,-18.6739,0.008,LL,1.8187,-17.537,0.003,LL
Greater Accra,"Accra Metropolitan Area (AMA)-Ablekuma South, Ashiedu Keteke & Okaikoi South",5.55381875,-0.205849787615075,16.656859099557035,11.1,0.9958,-17.4854,0.007,LL,1.4506,-15.8536,0.004,LL
Greater Accra,Ada East,5.8761016,0.549568161630084,29.294211566397507,28.2,0.0014,1.0063,0.874,NS,0.0207,6.0797,0.283,NS
Greater Accra,Ada West,5.9040093,0.420370257026968,33.127866784076126,40.1,-0.0358,-1.8698,0.76,NS,0.1433,2.063,0.717,NS
Greater Accra,Adentan Municipal,5.7042433,-0.1690967,7.127092803350742,8.3,2.2216,-22.0024,0.001,LL,1.8914,-17.6703,0.003,LL
Greater Accra,Ashaiman Municipal,5.6993574,-0.0348533202566188,11.317889070460444,7.5,1.7002,-20.833,0.001,LL,1.9178,-17.2036,0.003,LL
Greater Accra,Ayawaso Central Municipal,5.59137939999999,-0.212668442666915,9.117271778215985,12.2,1.4513,-15.8136,0.007,LL,1.3381,-15.6703,0.003,LL
Greater Accra,Ayawaso East Municipal,5.5828425,-0.194266228463183,19.02686589691344,15.4,0.8724,-18.9647,0.003,LL,1.1218,-16.587,0.004,LL
Greater Accra,Ayawaso North Municipal,5.5908829,-0.199044848506062,14.264979648502823,13.9,1.2356,-18.1711,0.004,LL,1.2409,-16.337,0.005,LL
Greater Accra,Ayawaso West Municipal,5.62669775,-0.179111178909241,5.412798958872821,9.3,1.9877,-18.2537,0.004,LL,1.5684,-15.4536,0.003,LL
Greater Accra,Ga Central Municipal,5.3203951,-2.0334832,6.997519805437165,8.3,0.491,-4.8345,0.458,NS,0.0164,-0.1536,0.981,NS
Greater Accra,Ga East Municipal,5.669162,-0.333376,6.671277688184375,10.1,2.0156,-19.5546,0.003,LL,1.6275,-16.7703,0.003,LL
Greater Accra,Ga North Municipal,5.669162,-0.333376,8.040222362001257,10.5,1.914,-19.7828,0.004,LL,1.5966,-16.837,0.002,LL
Greater Accra,Ga South Municipal,5.669162,-0.333376,14.278206677120195,15.8,1.4146,-20.8224,0.001,LL,1.1592,-17.7203,0.002,LL
Greater Accra,Ga West Municipal,5.669162,-0.333376,11.32965742811781,10.5,1.6581,-20.331,0.001,LL,1.5966,-16.837,0.004,LL
Greater Accra,Korle Klottey Municipal,5.55901944999999,-0.19823054970895,9.198199117042822,10.6,1.4846,-16.2423,0.009,LL,1.4867,-15.7703,0.003,LL
Greater Accra,Kpone Katamanso Municipal,5.77159775,-0.0733651054089466,9.259546348600386,10.5,1.7675,-19.3973,0.005,LL,1.5571,-16.4203,0.004,LL
Greater Accra,Krowor Municipal,5.60941925,-0.0769277820845922,7.136464072944928,12.4,2.1249,-21.0538,0.001,LL,1.5272,-18.1203,0.003,LL
Greater Accra,La Dade-Kotopon Municipal,5.58947605,-0.156988356399583,5.467546911538242,8.9,1.9616,-18.0563,0.005,LL,1.6044,-15.4703,0.002,LL
Greater Accra,La Nkwantanang Madina Municipal,5.74468145,-0.172508699400876,7.713458689871669,11.3,2.0854,-21.2233,0.001,LL,1.6665,-18.437,0.002,LL
Greater Accra,Ledzokuku Municipal,5.6050983,-0.114493361214251,8.547932849832494,11.3,1.8426,-19.5179,0.001,LL,1.4676,-16.237,0.003,LL
Greater Accra,Ningo-Prampram,5.81176965,0.146110955005239,17.40288166978546,19.4,0.7296,-13.6364,0.026,LL,0.4856,-10.687,0.053,NS
Greater Accra,Okaikoi North Municipal,5.6104365,-0.2395459,7.9590641087967295,11.1,1.7324,-17.836,0.003,LL,1.4796,-16.1703,0.003,LL
Greater Accra,Shai-Osudoku,5.95875335,0.161872328401567,21.545308209449864,23.5,0.271,-7.8869,0.187,NS,0.0492,-2.1703,0.693,NS
Greater Accra,Tema Metropolitan Area (TMA)-Tema Central & Tema East,5.6698,-0.01657,11.34709502905544,11.6,1.6978,-20.8378,0.001,LL,1.587,-17.887,0.001,LL
Greater Accra,Tema West Municipal,5.65076355,-0.0688760444019398,5.490154109589041,8.2,2.2552,-20.7794,0.002,LL,1.8743,-17.4203,0.003,LL
Greater Accra,Weija Gbawe Municipal,5.55414475,-0.296466750643799,7.822196430075722,8.7,1.8404,-18.8257,0.003,LL,1.8259,-17.4203,0.002,LL
North East,Bunkpurugu Nakpanduri,10.632198,-0.180118,38.5633132647116,38.3,1.0852,24.5243,0.001,HH,1.4158,23.813,0.001,HH
North East,Chereponi,10.1792653999999,0.207987165887793,56.30563457832431,53.8,2.9762,23.5807,0.001,HH,3.2096,22.063,0.001,HH
North East,East Mamprusi Municipal,10.45279035,-0.416678651029704,52.28184206887014,54.7,2.0349,18.9077,0.001,HH,3.0013,19.9464,0.001,HH
North East,Mamprugu Moagduri,10.23964,-1.27428,58.87324353416926,44.5,1.9237,13.9323,0.018,HH,1.3607,14.4964,0.012,HH
North East,West Mamprusi Municipal,10.29738455,-0.764055036110824,46.80492731358994,41.5,1.3624,16.549,0.004,HH,1.1,14.2464,0.008,HH
North East,Yunyoo Nasuan,10.4415225,-0.0276844142154081,58.01613952425324,56.9,3.1122,23.2053,0.001,HH,3.4753,21.363,0.002,HH
Northern,Gushegu Municipal,9.9185016,-0.2164706,59.790212061182736,51.5,3.6556,25.6877,0.001,HH,2.9501,22.2297,0.001,HH
Northern,Karaga,9.9267799,-0.4316607,60.84044648719632,50.5,3.682,25.0202,0.001,HH,2.4707,19.4297,0.001,HH
Northern,Kpandai,8.4635789,-0.0119853,51.02327018611395,48.6,1.5214,14.9432,0.014,HH,1.6244,13.9297,0.018,HH
Northern,Kumbungu,9.5591282,-0.9467086,50.7089505000633,45.0,1.4694,14.6414,0.011,HH,0.8436,8.7297,0.113,NS
Northern,Mion,9.45284905,-0.335525511842833,60.724744548614765,53.4,4.105,27.9963,0.001,HH,3.1869,22.2464,0.001,HH
Northern,Nanton,9.55848269999999,-0.710728600167338,55.03969113794394,39.9,2.1841,18.1456,0.004,HH,0.7309,10.6964,0.047,HH
Northern,Nanumba North Municipal,8.92200959999999,-0.138644700894755,53.02416790332839,41.5,2.9436,26.5065,0.001,HH,1.8001,23.313,0.001,HH
Northern,Nanumba South,8.76637935,0.0549741822848612,54.983360595634274,46.3,3.0594,25.4726,0.001,HH,2.5232,24.2964,0.001,HH
Northern,Saboba,9.70870525,0.196098328672698,45.89843545875443,46.0,2.0791,26.6087,0.001,HH,2.1558,21.0964,0.001,HH
Northern,Sagnarigu Municipal,9.48585935,-0.855049753344912,27.510381579755997,18.7,-0.1493,21.9301,0.001,LH,-0.7594,15.3964,0.008,LH
Northern,Savelugu Municipal,9.6260647,-0.8258943,49.38561942581863,41.1,1.725,18.3035,0.003,HH,0.8384,11.1797,0.041,HH
Northern,Tamale Metropolitan Area (TMA)-Tamale Central & Tamale South,9.40078,-0.8393,33.60929315808387,21.0,0.4468,20.9136,0.002,HH,-0.5488,15.013,0.009,LH
Northern,Tatale Sanguli,9.34906725,0.514632473680653,54.72094111356193,52.4,2.8285,23.7902,0.001,HH,2.3566,17.113,0.003,HH
Northern,Tolon,9.555956,-1.19792230212529,56.018291133880936,57.5,1.718,13.7565,0.014,HH,1.1034,6.6464,0.236,NS
Northern,Yendi Municipal,9.4739214,0.022769270127783,46.24694827776015,38.3,2.0737,26.0037,0.001,HH,1.2087,20.3297,0.001,HH
Northern,Zabzugu,9.294058,0.367064,55.76974144798783,42.7,2.9221,23.6154,0.001,HH,1.5709,18.7297,0.001,HH
Oti,Biakoye,7.39217985,0.262973639210098,31.34197446642628,34.2,-0.0453,-4.1558,0.517,NS,0.0207,0.563,0.92,NS
Oti,Guan,7.19092,0.60951,17.67830582902472,28.1,0.3902,-7.4715,0.202,NS,0.0017,0.613,0.924,NS
Oti,Jasikan Municipal,7.40707195,0.466071316332564,24.306893374654493,30.2,0.0627,-2.8996,0.63,NS,0.0398,2.7464,0.614,NS
Oti,Kadjebi,7.7210325,0.534053201682814,28.641544639597612,27.2,-0.0044,2.8069,0.627,NS,-0.0147,6.8464,0.203,NS
Oti,Krachi East Municipal,7.69817,0.22447,43.51790646081405,41.2,0.5508,8.204,0.191,NS,0.7577,10.0297,0.061,NS
Oti,Krachi Nchumuru,8.1892008,-0.0866133771431008,47.79317937298271,47.2,1.3865,15.9572,0.003,HH,1.7502,16.0797,0.006,HH
Oti,Krachi West Municipal,7.8,-0.01667,41.15135453474676,37.4,0.7017,12.4853,0.028,HH,0.5498,10.0964,0.057,NS
Oti,Nkwanta North (Kpassa),8.4892994,0.3094664,54.9343357441949,55.2,0.8965,7.4788,0.212,NS,1.2892,8.413,0.114,NS
Oti,Nkwanta South Municipal,8.25811615,0.509975335946734,44.774746939736346,42.8,0.3488,4.7818,0.424,NS,0.616,7.2964,0.177,NS
Savannah,Bole,8.69166865,-2.17855621492469,48.80224525043178,37.2,1.1873,12.9687,0.027,HH,0.2096,3.9297,0.482,NS
Savannah,Central Gonja,8.93715119999999,-1.10983922943129,56.9206091256777,61.8,2.2617,17.5255,0.003,HH,2.4012,12.6464,0.02,HH
Savannah,East Gonja Municipal,8.347473,-0.7895018232454,51.28189885779797,38.8,1.8992,18.4379,0.002,HH,0.7019,11.2797,0.019,HH
Savannah,North East Gonja,8.98787705,-0.403868101269744,59.93046391229317,60.4,3.2098,22.4531,0.002,HH,2.8341,15.563,0.004,HH
Savannah,North Gonja,8.98787705,-0.403868101269744,60.03613104828866,58.4,3.2183,22.4355,0.001,HH,2.7183,15.8964,0.005,HH
Savannah,Sawla Tuna Kalba,9.4809443,-2.41330933679435,58.733934530994816,54.2,2.3224,16.8991,0.005,HH,1.9466,13.1797,0.013,HH
Savannah,West Gonja,9.5267018,-1.5071681,40.19133477280966,39.7,0.865,16.7078,0.003,HH,0.8916,13.263,0.011,HH
Upper East,Bawku Municipal,11.0607602,-0.2422876,41.61546317534196,23.6,1.2666,21.7062,0.001,HH,-0.407,18.3964,0.003,LH
Upper East,Bawku West,10.84277,-0.492947618512454,51.87496965787959,47.6,1.8267,17.2744,0.004,HH,2.506,22.563,0.001,HH
Upper East,Binduri,10.9694889,-0.3062234,52.68195985863144,53.8,2.1743,19.8618,0.002,HH,1.944,13.363,0.012,HH
Upper East,Bolgatanga East,10.7853963,-0.8487322,32.20688234082011,24.9,0.1937,13.009,0.029,HH,-0.3002,20.1297,0.001,LH
Upper East,Bolgatanga Municipal,10.7853963,-0.8487322,28.30768583036861,20.2,-0.0427,13.6588,0.023,LH,-0.8573,20.913,0.001,LH
Upper East,Bongo,10.9166838999999,-0.805767855895511,44.63587876081112,54.0,0.9445,13.0636,0.028,HH,2.5842,17.6297,0.003,HH
Upper East,Builsa North Municipal,10.73472,-1.29056,39.925049937247,39.7,0.5929,11.7317,0.043,HH,0.7459,11.0964,0.047,HH
Upper East,Builsa South,10.53032385,-1.26246582508358,51.07860560492139,55.1,1.0077,9.8727,0.091,NS,1.3024,8.5297,0.106,NS
Upper East,Garu,10.76975475,-0.21182067584702,51.40301501936634,44.7,2.079,20.0749,0.001,HH,1.4132,14.8797,0.007,HH
Upper East,Kasena Nankana Municipal,10.895598,-1.30768,32.681315381150206,33.8,0.1805,10.5661,0.079,NS,0.4711,13.663,0.004,HH
Upper East,Kasena Nankana West,10.895598,-1.30768,41.1483991844382,53.6,0.5144,9.1549,0.126,NS,1.4961,10.363,0.054,NS
Upper East,Nabdam,10.8469045,-0.661562047243897,46.52614114142423,68.6,1.0331,12.7486,0.03,HH,3.4589,15.1964,0.005,HH
Upper East,Pusiga,11.0854045,-0.1276855,54.82597196180448,40.8,2.3284,19.5044,0.002,HH,1.1388,15.5297,0.001,HH
Upper East,Talensi,10.6451057499999,-0.62587443176215,40.690178232840346,56.2,0.7384,13.6545,0.023,HH,2.7651,17.413,0.001,HH
Upper East,Tempane,10.9030714,-0.0914351270233069,54.79406389019806,50.7,2.3261,19.5098,0.003,HH,1.7804,13.8797,0.007,HH
Upper West,Daffiama Bussie Issa,10.36748405,-2.26222672458466,55.64844919234144,38.7,2.0636,16.7534,0.006,HH,0.5291,8.5797,0.108,NS
Upper West,Jirapa Municipal,10.5366328,-2.7008646,49.11206301558956,50.1,1.7972,19.3289,0.003,HH,1.2823,10.263,0.055,NS
Upper West,Lambussie Karni,10.846747,-2.708741,50.17019445205212,44.2,1.8744,19.1526,0.002,HH,1.0369,11.2464,0.048,HH
Upper West,Lawra Municipal,10.61348995,-2.86412434170417,46.10921910564236,39.5,1.5687,19.8294,0.001,HH,0.7953,12.0297,0.025,HH
Upper West,Nadowli Kaleo,10.2868347,-2.6394776056347,44.25944430746071,40.6,1.3997,19.8353,0.001,HH,1.0818,14.9797,0.006,HH
Upper West,Nandom,10.8520701,-2.760077,43.84741271820449,31.8,1.3874,20.2064,0.001,HH,0.3113,13.313,0.015,HH
Upper West,Sissala East Municipal,10.59705475,-1.85050542952138,45.86139743732867,28.8,1.2529,16.0701,0.002,HH,0.0984,14.613,0.006,HH
Upper West,Sissala West,10.7467085,-2.29346951572635,49.8448956570784,32.3,1.8469,19.1655,0.003,HH,0.2994,11.4464,0.036,HH
Upper West,Wa East,10.06069,-2.50192,58.19784160862482,48.7,2.6473,19.6163,0.001,HH,1.8841,16.0797,0.004,HH
Upper West,Wa Municipal,10.0623261,-2.5054273,27.150773401371392,16.5,-0.21,24.7908,0.001,LH,-1.3196,21.4464,0.001,LH
Upper West,Wa West,9.8985772,-2.6832633,56.69936157265592,61.9,2.5435,19.8661,0.001,HH,2.6431,13.8797,0.008,HH
Volta,Adaklu,6.4470511,0.6286474,28.61652306657352,33.2,0.0063,-3.7367,0.515,NS,0.0253,0.813,0.879,NS
Volta,Afadzato South,7.0222497,0.561946,19.27514833347005,32.5,0.5024,-11.2009,0.047,LL,-0.1019,-3.737,0.487,NS
Volta,Agortime-Ziope,6.42618935,0.732357165932429,30.26571941445655,25.7,-0.0136,-2.2958,0.703,NS,-0.0185,1.763,0.745,NS
Volta,Akatsi North,6.3108306,0.876439062223793,35.48771179972523,39.3,0.0338,1.1246,0.851,NS,0.0799,1.2297,0.824,NS
Volta,Akatsi South Municipal,8.25846,0.508747,29.127457045792497,30.1,0.0049,7.3897,0.236,NS,0.1313,9.413,0.092,NS
Volta,Anloga,5.7936484,0.8984702,30.8256494019706,31.6,0.0083,0.9759,0.876,NS,0.0337,1.513,0.798,NS
Volta,Central Tongu,6.16884364999999,0.611561745917151,35.01392824552135,36.0,0.0427,1.5315,0.815,NS,0.2465,5.2797,0.347,NS
Volta,Ho Municipal,6.6126598,0.4688932,10.56277825271175,12.5,0.5215,-6.1281,0.309,NS,-0.0527,0.6297,0.908,NS
Volta,Ho West,6.590707,0.46714,18.87894964651565,27.9,0.3516,-7.5321,0.185,NS,-0.0038,-2.2036,0.691,NS
Volta,Hohoe Municipal,7.153187,0.477735,16.05370745684534,18.8,0.4301,-7.2008,0.255,NS,-0.1055,2.163,0.693,NS
Volta,Keta Municipal,5.9215688,0.9910728,25.128705840582285,25.2,-0.0357,2.0044,0.745,NS,-0.0415,3.1297,0.572,NS
Volta,Ketu North Municipal,6.192057,0.981151401381816,31.57148696007583,27.2,0.0256,2.1455,0.73,NS,-0.0064,2.9797,0.593,NS
Volta,Ketu South Municipal,6.07748514999999,1.0706219725046,30.05744265611049,25.6,0.0106,2.1362,0.733,NS,-0.0481,4.363,0.466,NS
Volta,Kpando Municipal,7.0000115,0.318327973849328,18.77305642847384,23.4,0.2202,-4.6676,0.447,NS,-0.1033,4.4464,0.429,NS
Volta,North Dayi,6.91384645,0.22267318926127,19.326168890699808,30.1,0.3401,-7.6232,0.214,NS,-0.0019,-0.137,0.977,NS
Volta,North Tongu,6.14399495,0.297188924896433,30.73512252042007,38.4,-0.0382,-4.7179,0.454,NS,-0.0492,-0.8203,0.887,NS
Volta,South Dayi,6.5449087,0.240546020283373,21.276817691852987,29.0,0.2525,-7.0906,0.258,NS,-0.0096,-1.2203,0.833,NS
Volta,South Tongu,5.96577275,0.641061228110148,28.695828986686,32.4,-0.0023,1.7032,0.794,NS,0.1513,5.663,0.319,NS
Western,Ahanta West Municipal,4.8514282,-1.98665461803006,24.98759305210918,27.2,0.1667,-9.0275,0.13,NS,0.012,-5.587,0.293,NS
Western,Effia Kwesimintsim Municipal,4.96766095,-1.80360599719917,8.98404943238971,9.3,0.8432,-9.1262,0.133,NS,0.6025,-5.937,0.27,NS
Western,Ellembelle,5.14952214999999,-2.42142536190491,26.28026436600961,33.3,0.0848,-6.7918,0.274,NS,-0.101,-3.187,0.553,NS
Western,Jomoro Municipal,5.199616,-2.61473434715296,28.70291366451776,31.2,0.0026,-1.9686,0.747,NS,0.0193,0.963,0.881,NS
Western,Mpohor,4.9705877,-1.8927971,26.276235872991467,31.4,0.1156,-9.2423,0.101,NS,-0.133,-6.287,0.235,NS
Western,Nzema East Municipal,5.08576495,-2.22263416898707,34.41096585324611,38.2,-0.2175,-8.6766,0.156,NS,-0.2564,-4.3536,0.438,NS
Western,Prestea/Huni Valley Municipal,5.44481979999999,-2.04050432321944,25.739094029245404,29.5,0.0417,-2.78,0.646,NS,0.0182,1.713,0.768,NS
Western,"Sekondi Takoradi Metropolitan Area (STMA)- Takoradi, Sekondi & Essikado-Ketan",4.95328,-1.73308,9.649852067388808,10.1,0.7024,-7.8637,0.204,NS,0.4775,-4.9203,0.395,NS
Western,Shama,5.0606463,-1.64288365568687,20.930014331536203,22.0,0.3211,-8.6294,0.137,NS,0.1582,-5.1036,0.363,NS
Western,Tarkwa-Nsuaem Municipal,5.310935,-1.992426,17.815333920560086,18.2,0.3425,-6.6374,0.278,NS,0.094,-1.8036,0.747,NS
Western,Wassa Amenfi Central,5.7890318,-2.0839856,34.11469588725328,37.6,-0.1171,-4.9428,0.393,NS,-0.1715,-3.087,0.565,NS
Western,Wassa Amenfi East Municipal,5.87660585,-1.98975398510416,32.213850057875526,35.5,-0.0019,-0.1283,0.984,NS,0.1228,2.7964,0.621,NS
Western,Wassa Amenfi West Municipal,5.7735167,-2.5321498,29.92595419847328,24.9,0.023,5.2806,0.367,NS,-0.067,4.4964,0.416,NS
Western,Wassa East,5.3622378,-1.62070954561049,31.67370861392399,38.0,-0.0628,-5.0568,0.416,NS,-0.0638,-1.1036,0.842,NS
Western North,Aowin Municipal,5.69311555,-2.7557437678514,38.74092918195667,37.1,0.4821,10.6958,0.076,NS,0.0394,0.7464,0.895,NS
Western North,Bia East,6.817878,-3.00681786775424,42.62619410999943,32.9,-0.1169,-1.8551,0.75,NS,-0.1515,-5.137,0.352,NS
Western North,Bia West,6.56894165,-3.06628883975843,10.34768426230357,24.5,-1.1332,13.1621,0.031,LH,0.0238,-1.387,0.791,NS
Western North,Bibiani Anhwiaso Bekwai Municipal,6.29602085,-2.23398871855776,13.4892332605033,25.8,0.0283,-0.396,0.941,NS,-0.0081,0.813,0.89,NS
Western North,Bodi,6.24012575,-2.87347603617418,58.55235140232403,18.6,0.7505,5.4943,0.382,NS,0.0052,-0.1036,0.989,NS
Western North,Juaboso,6.3415722,-2.8235416,44.93323124732587,18.9,0.572,7.7641,0.218,NS,0.0074,-0.1536,0.977,NS
Western North,Sefwi Akontombra,6.0425529,-2.8760069,44.27716714900508,24.5,0.9027,12.7778,0.032,HH,-0.0136,0.7964,0.875,NS
Western North,Sefwi Wiawso Municipal,6.30540429999999,-2.51755838219394,28.078296521624125,33.3,-0.0317,7.5771,0.199,NS,-0.1396,-4.4036,0.444,NS
Western North,Suaman,6.10824159999999,-3.00869712063798,50.342322567157936,37.5,0.839,8.5039,0.183,NS,-0.0791,-1.437,0.801,NS
